spec,position,E_D,Q95_D,P_D_gt30
gamma_cv05,1,0.0,0.0,0.0
gamma_cv05,2,1.9665245050181879,9.456246160886224,5e-05
gamma_cv05,3,3.383984939861987,13.536838126230872,0.0007833333333333334
gamma_cv05,4,4.535268559690565,16.40776543330989,0.003183333333333333
gamma_cv05,5,5.507704728428835,19.017183637864683,0.00665
gamma_cv05,6,6.422095696756606,21.501105118761338,0.0113
gamma_cv05,7,7.266124935678341,23.77015633203424,0.018666666666666668
gamma_cv05,8,8.027927098190817,25.64978031872039,0.02695
gamma_cv05,9,8.712395846950526,27.406819526844355,0.034866666666666664
gamma_cv05,10,9.36751665341475,29.03580926318946,0.04451666666666667
gamma_cv05,11,9.99098248860839,30.619883525491186,0.0543
gamma_cv05,12,10.591385065762088,32.31802463616123,0.06383333333333334
gamma_cv05,13,11.169308005268816,33.526220733158986,0.07496666666666667
gamma_cv05,14,11.709816495723253,34.93000186330693,0.08423333333333333
gamma_cv05,15,12.2879383090811,36.28064865568997,0.09503333333333333
gamma_cv05,16,12.801187289185993,37.63906178793425,0.10476666666666666
gamma_cv05,17,13.266885491022691,38.90842006255715,0.11511666666666667
gamma_cv05,18,13.778256139673113,40.061833868972364,0.12603333333333333
gamma_cv05,19,14.24238806852628,41.29691960246451,0.1351
gamma_cv05,20,14.72194954367458,42.51862182154572,0.14436666666666667
gamma_cv05,21,15.16564802127072,43.484400725645976,0.15286666666666668
gamma_cv05,22,15.571858912574996,44.55024191490587,0.16186666666666666
gamma_cv05,23,15.983679181458617,45.37446662270557,0.17073333333333332
gamma_cv05,24,16.387390029283672,46.2721985279539,0.18008333333333335
gamma_cv05,25,16.815002752641607,47.42559697130364,0.18826666666666667
gamma_cv05,26,17.223851467307124,48.52087357860577,0.19493333333333332
gamma_cv05,27,17.60392357900413,49.60857711430252,0.2039
gamma_cv05,28,18.002703799402852,50.52863556617649,0.21181666666666665
gamma_cv05,29,18.379794782943335,51.48857615231206,0.21993333333333334
gamma_cv05,30,18.738740996607525,52.289752736028056,0.22616666666666665
gamma_cv10,1,0.0,0.0,0.0
gamma_cv10,2,3.6778113462801776,19.841756576387855,0.018616666666666667
gamma_cv10,3,6.3926345938535505,28.816120647060785,0.045533333333333335
gamma_cv10,4,8.61497730717295,35.497446101577445,0.07555
gamma_cv10,5,10.535901174327064,40.58881540939753,0.10423333333333333
gamma_cv10,6,12.25667748449209,44.7722289151655,0.13261666666666666
gamma_cv10,7,13.91181452185192,49.263101906049705,0.1599
gamma_cv10,8,15.3505134940855,53.14739274544722,0.18555
gamma_cv10,9,16.724577066373175,56.60955140261561,0.20708333333333334
gamma_cv10,10,18.01943262994434,60.35097510109375,0.2287
gamma_cv10,11,19.356389276000314,64.23713156895784,0.25045
gamma_cv10,12,20.54380378727467,67.3692080931194,0.2697
gamma_cv10,13,21.705040012351034,70.03092644863287,0.2874
gamma_cv10,14,22.80388005094693,72.68873003928219,0.30496666666666666
gamma_cv10,15,23.935216925690714,75.46124511030214,0.32181666666666664
gamma_cv10,16,25.016811277100064,78.13588418209558,0.33786666666666665
gamma_cv10,17,25.97278610147068,80.29335416124684,0.3500666666666667
gamma_cv10,18,26.846710840535508,82.9935265607937,0.36145
gamma_cv10,19,27.748355373523996,85.2116889128078,0.37185
gamma_cv10,20,28.694528822516293,87.51395426405136,0.38366666666666666
gamma_cv10,21,29.549529278644908,89.60752393034787,0.3943333333333333
gamma_cv10,22,30.40277245196548,91.86270135123837,0.40525
gamma_cv10,23,31.267254890271293,94.20066935726706,0.41533333333333333
gamma_cv10,24,32.12816757220231,96.00733171303972,0.4251333333333333
gamma_cv10,25,32.9150329702875,98.09145602226803,0.43246666666666667
gamma_cv10,26,33.699014780997395,100.57019416029209,0.44198333333333334
gamma_cv10,27,34.499706129214545,102.12263597172935,0.45066666666666666
gamma_cv10,28,35.29450452393745,103.97091111333064,0.4585166666666667
gamma_cv10,29,36.02483241574963,105.81322588755515,0.4671
gamma_cv10,30,36.777040610108244,107.4555318386872,0.47395
gamma_cv15,1,0.0,0.0,0.0
gamma_cv15,2,5.166304649717612,30.57611525844846,0.0514
gamma_cv15,3,9.037697990895765,45.056055767771255,0.10116666666666667
gamma_cv15,4,12.29434394370342,55.475954715569486,0.14635
gamma_cv15,5,15.08375936500973,63.771389327455964,0.18633333333333332
gamma_cv15,6,17.705048068694822,71.56826827172786,0.22136666666666666
gamma_cv15,7,20.12532061201871,78.45220713975829,0.2546333333333333
gamma_cv15,8,22.30300832241129,84.77366956859242,0.2820166666666667
gamma_cv15,9,24.341870739998882,90.73350166078497,0.30545
gamma_cv15,10,26.245784422889056,95.34468162626825,0.33005
gamma_cv15,11,28.148034400593932,99.95745932727067,0.35131666666666667
gamma_cv15,12,29.86594410289123,104.65069639436557,0.3707166666666667
gamma_cv15,13,31.57906415584648,108.68796769200259,0.38838333333333336
gamma_cv15,14,33.17766409360735,112.57048769954888,0.403
gamma_cv15,15,34.74748975001155,116.54801045287039,0.41981666666666667
gamma_cv15,16,36.26590386450996,121.1001337852224,0.4334
gamma_cv15,17,37.75196525950971,124.5964254287678,0.4452333333333333
gamma_cv15,18,39.2627823103517,128.48928283481223,0.45905
gamma_cv15,19,40.57975700073216,131.95253225778546,0.47055
gamma_cv15,20,42.0059321568249,136.1495819820879,0.47995
gamma_cv15,21,43.30836609063113,139.4950824164361,0.49005
gamma_cv15,22,44.553447528735845,142.75867652140425,0.49906666666666666
gamma_cv15,23,45.87651093940735,145.68906134168452,0.50855
gamma_cv15,24,47.08217111434843,148.66580123168293,0.51645
gamma_cv15,25,48.31133481119105,152.28276851331296,0.52425
gamma_cv15,26,49.43986612980221,154.36740933083556,0.5326
gamma_cv15,27,50.59844492228482,157.3336888196562,0.5408333333333334
gamma_cv15,28,51.73974375259146,160.28324685460467,0.54695
gamma_cv15,29,52.920518605089015,163.85960430945593,0.5548
gamma_cv15,30,53.91266462427682,165.89170123531298,0.5601333333333334
weibull_cv10,1,0.0,0.0,0.0
weibull_cv10,2,3.6290407420673647,19.629776814355022,0.017733333333333334
weibull_cv10,3,6.32652481613727,28.481848611233698,0.044116666666666665
weibull_cv10,4,8.536091470441725,34.95659435045964,0.07261666666666666
weibull_cv10,5,10.497445215281473,40.593807722705336,0.10285
weibull_cv10,6,12.323094337867454,45.39038103344507,0.13521666666666668
weibull_cv10,7,13.886604788001822,49.55260474175277,0.16108333333333333
weibull_cv10,8,15.417320413182956,53.33379543151598,0.18645
weibull_cv10,9,16.807235906502846,57.068198197536134,0.20986666666666667
weibull_cv10,10,18.080269292259338,60.556230028381115,0.23095
weibull_cv10,11,19.32922848411831,63.55192821454558,0.25078333333333336
weibull_cv10,12,20.55360811525571,66.6475832567657,0.27191666666666664
weibull_cv10,13,21.677651176714924,69.38568824196716,0.28818333333333335
weibull_cv10,14,22.79851300867835,72.23601527480703,0.30533333333333335
weibull_cv10,15,23.84949856125592,75.0224610911191,0.3187333333333333
weibull_cv10,16,24.864882290317063,77.83547219262641,0.33358333333333334
weibull_cv10,17,25.85264492455264,80.33476614715792,0.34685
weibull_cv10,18,26.815715447405083,83.1145609234988,0.3591
weibull_cv10,19,27.71045102424361,85.58455393662506,0.37105
weibull_cv10,20,28.62081164653613,88.05863038329987,0.38248333333333334
weibull_cv10,21,29.515137819729798,90.39927625124706,0.39455
weibull_cv10,22,30.418160070281473,93.05324254083378,0.4053333333333333
weibull_cv10,23,31.271495288898567,94.16862177213903,0.41451666666666664
weibull_cv10,24,32.15305574406098,96.710689181293,0.42433333333333334
weibull_cv10,25,32.9372996132156,98.55107170229276,0.43396666666666667
weibull_cv10,26,33.67703727754754,100.51380670506973,0.44043333333333334
weibull_cv10,27,34.4472990374894,102.77380145581418,0.4487833333333333
weibull_cv10,28,35.258490228351704,104.52758512940422,0.4583333333333333
weibull_cv10,29,36.031355254242044,106.60789138454098,0.46591666666666665
weibull_cv10,30,36.80756600895366,108.50249581053956,0.47346666666666665
lognormal_cv10,1,0.0,0.0,0.0
lognormal_cv10,2,3.250581209565483,17.993013798055557,0.019566666666666666
lognormal_cv10,3,5.716684084173121,27.764854384671676,0.042366666666666664
lognormal_cv10,4,7.851675767793683,34.91293738022005,0.06861666666666667
lognormal_cv10,5,9.750894179923604,41.13045395324204,0.09378333333333333
lognormal_cv10,6,11.385586360616298,46.13479318724357,0.1181
lognormal_cv10,7,12.91227541276161,50.461772328098384,0.1403
lognormal_cv10,8,14.291072734564755,54.50828185806438,0.16155
lognormal_cv10,9,15.58364582921668,58.17199203605494,0.18025
lognormal_cv10,10,16.837317391210302,61.918584416309734,0.1997
lognormal_cv10,11,18.007970863348262,65.20069625169546,0.2178
lognormal_cv10,12,19.14542466298386,68.33604978469872,0.23455
lognormal_cv10,13,20.240776371034258,71.77721485814057,0.25046666666666667
lognormal_cv10,14,21.312766161713206,74.8102002236114,0.26595
lognormal_cv10,15,22.3581856793524,77.7215703603365,0.27995
lognormal_cv10,16,23.393878940721528,80.35872918752865,0.2946666666666667
lognormal_cv10,17,24.319740145023008,82.89180274268625,0.3073
lognormal_cv10,18,25.189056508724214,84.99595649746999,0.31966666666666665
lognormal_cv10,19,26.13737610521999,87.17209842324216,0.3319666666666667
lognormal_cv10,20,26.9993869521254,89.79257532170634,0.34323333333333333
lognormal_cv10,21,27.810953947590743,91.92913810845924,0.3504833333333333
lognormal_cv10,22,28.657421085663145,94.37555657031345,0.36235
lognormal_cv10,23,29.502580580211443,96.48960362782456,0.37296666666666667
lognormal_cv10,24,30.30947756335188,98.66399766416818,0.38245
lognormal_cv10,25,31.08924066108824,100.93779629339696,0.3906
lognormal_cv10,26,31.93608589614654,103.6738840829044,0.4002833333333333
lognormal_cv10,27,32.72459206001865,105.92411972616753,0.40941666666666665
lognormal_cv10,28,33.43291926735017,107.26028224761066,0.41623333333333334
lognormal_cv10,29,34.16501502676152,109.05808883789487,0.4232166666666667
lognormal_cv10,30,34.96494691140883,111.09579622483425,0.4319
lognormal_cv15,1,0.0,0.0,0.0
lognormal_cv15,2,4.14114710958656,22.78644420632069,0.03355
lognormal_cv15,3,7.431247000313528,37.48979504945424,0.0694
lognormal_cv15,4,10.16591118594589,48.32511849153051,0.10363333333333333
lognormal_cv15,5,12.783772317977503,57.88385515264646,0.13653333333333334
lognormal_cv15,6,15.087168813312887,66.2336490666866,0.16486666666666666
lognormal_cv15,7,17.13355189419589,73.32057492423927,0.19203333333333333
lognormal_cv15,8,19.204316144291433,79.44096530953789,0.21678333333333333
lognormal_cv15,9,21.209062708932564,85.86268798154035,0.23966666666666667
lognormal_cv15,10,22.873111065126256,90.8258056066352,0.2585166666666667
lognormal_cv15,11,24.616384153138387,95.79950489523513,0.28063333333333335
lognormal_cv15,12,26.35638683448139,101.20922040029338,0.2995
lognormal_cv15,13,27.848572026140182,105.90090504618632,0.3153
lognormal_cv15,14,29.264279263374096,110.55553921463947,0.3294166666666667
lognormal_cv15,15,30.715460985861217,115.42839593095337,0.3435
lognormal_cv15,16,32.01184743747033,119.31053972217046,0.35645
lognormal_cv15,17,33.364245774336744,123.68684247611017,0.36885
lognormal_cv15,18,34.54267329803707,127.49734451481183,0.3793166666666667
lognormal_cv15,19,35.71437179891429,130.60002532034486,0.39085
lognormal_cv15,20,36.9555242453429,134.9746134508794,0.39985
lognormal_cv15,21,38.10024899350273,138.377728077082,0.4095666666666667
lognormal_cv15,22,39.285282679934156,142.02275056795773,0.41833333333333333
lognormal_cv15,23,40.51085378260784,144.5783928085479,0.42701666666666666
lognormal_cv15,24,41.70839678072982,148.30571354296097,0.43571666666666664
lognormal_cv15,25,42.92924643916595,152.25285290209814,0.44551666666666667
lognormal_cv15,26,44.17688310889787,154.39469987560122,0.4562
lognormal_cv15,27,45.235196154599194,158.06243007521695,0.46415
lognormal_cv15,28,46.333543396020495,161.486687577104,0.4711666666666667
lognormal_cv15,29,47.4166832821065,164.55485668347342,0.4759
lognormal_cv15,30,48.588866195310814,167.82824088245277,0.4845
mixture_p10_cv10,1,0.0,0.0,0.0
mixture_p10_cv10,2,2.985677590004489,17.726156653254336,0.025766666666666667
mixture_p10_cv10,3,5.341948789105434,30.40628151908339,0.05126666666666667
mixture_p10_cv10,4,7.325364928985404,38.292032678081306,0.07648333333333333
mixture_p10_cv10,5,9.169519396516392,43.933682935349225,0.1015
mixture_p10_cv10,6,10.830459315746888,49.20262717866837,0.12585
mixture_p10_cv10,7,12.351156486816876,53.752154329529404,0.14668333333333333
mixture_p10_cv10,8,13.805066379037527,57.57934520897388,0.16878333333333334
mixture_p10_cv10,9,15.092129314569958,61.21512304427178,0.18646666666666667
mixture_p10_cv10,10,16.370913271885087,64.84578799985901,0.20436666666666667
mixture_p10_cv10,11,17.680488990085696,68.22503723965539,0.2243
mixture_p10_cv10,12,18.870769548629195,71.36285543442341,0.2418
mixture_p10_cv10,13,19.965405747834875,73.9058942343556,0.25605
mixture_p10_cv10,14,21.057855060028768,76.26317091499882,0.27215
mixture_p10_cv10,15,22.09234513774226,78.8933531508265,0.28728333333333333
mixture_p10_cv10,16,23.095219388045468,81.73274524254371,0.2999
mixture_p10_cv10,17,24.021991574772255,84.26765116391805,0.3116833333333333
mixture_p10_cv10,18,24.96967142884155,86.69828322398187,0.3237833333333333
mixture_p10_cv10,19,25.909222757888738,89.40280106162389,0.3352
mixture_p10_cv10,20,26.77500999941347,91.73462391232965,0.34505
mixture_p10_cv10,21,27.66215637902211,94.29865376249148,0.3557
mixture_p10_cv10,22,28.48263508709154,96.22777159047993,0.3651
mixture_p10_cv10,23,29.25524560753289,98.45417610985677,0.37335
mixture_p10_cv10,24,30.079496438181863,100.52138610423373,0.38093333333333335
mixture_p10_cv10,25,30.89702001497089,102.14906361021617,0.3914
mixture_p10_cv10,26,31.666982775742664,103.94960216957912,0.399
mixture_p10_cv10,27,32.36853460895687,105.47642190075936,0.4063833333333333
mixture_p10_cv10,28,33.106676422366085,107.2430388712825,0.41381666666666667
mixture_p10_cv10,29,33.841826421294,109.50978378878672,0.4206166666666667
mixture_p10_cv10,30,34.60763351635657,111.30129135517696,0.42801666666666666
mixture_p20_cv15,1,0.0,0.0,0.0
mixture_p20_cv15,2,4.63803362694927,26.23092885157384,0.04081666666666667
mixture_p20_cv15,3,8.27134265139411,42.44801104987043,0.08435
mixture_p20_cv15,4,11.286697766936397,54.0356018367417,0.12123333333333333
mixture_p20_cv15,5,14.062309519220335,64.25949883894614,0.15938333333333332
mixture_p20_cv15,6,16.58644419047792,72.559820247087,0.19266666666666668
mixture_p20_cv15,7,18.833230427917346,78.91796133639015,0.22116666666666668
mixture_p20_cv15,8,21.025033949017907,85.79699364447863,0.2494
mixture_p20_cv15,9,22.974388441221947,92.03177473741901,0.27375
mixture_p20_cv15,10,24.9576138517913,97.75392475893533,0.29601666666666665
mixture_p20_cv15,11,26.743939692341165,102.5015543822495,0.3159166666666667
mixture_p20_cv15,12,28.4502667904484,107.66355179547203,0.3355
mixture_p20_cv15,13,30.1279985939709,111.9114814913776,0.3520666666666667
mixture_p20_cv15,14,31.74375150680477,116.61430849537354,0.3691
mixture_p20_cv15,15,33.329049711991324,120.45083258192516,0.3831
mixture_p20_cv15,16,34.84938507183772,124.21906145912186,0.39808333333333334
mixture_p20_cv15,17,36.34833477436667,128.0698374285289,0.41176666666666667
mixture_p20_cv15,18,37.70878117200416,131.7282341263346,0.4231
mixture_p20_cv15,19,39.030954438335904,135.13261688729042,0.43483333333333335
mixture_p20_cv15,20,40.22028196123914,137.64600664525761,0.4444666666666667
mixture_p20_cv15,21,41.50570720927739,141.68403550495682,0.45531666666666665
mixture_p20_cv15,22,42.79192009745807,145.84579012823423,0.4653
mixture_p20_cv15,23,44.08039647068618,149.1230183528141,0.47535
mixture_p20_cv15,24,45.41120183953153,151.93042701114595,0.4839
mixture_p20_cv15,25,46.53181972433371,154.5646202632085,0.49315
mixture_p20_cv15,26,47.68552487191336,158.31396615920002,0.4981833333333333
mixture_p20_cv15,27,48.88630320220257,161.81526586697063,0.50535
mixture_p20_cv15,28,49.93033107576316,163.93112448995018,0.5127666666666667
mixture_p20_cv15,29,51.05663994831632,166.41493622165916,0.5196666666666667
mixture_p20_cv15,30,52.1137323197833,169.83121973461954,0.5275666666666666
pareto_a25,1,0.0,0.0,0.0
pareto_a25,2,1.815368815402721,9.853212561556855,0.008116666666666666
pareto_a25,3,3.310622292878727,16.530902509580052,0.01805
pareto_a25,4,4.534323745922052,21.454587977993498,0.0273
pareto_a25,5,5.637135297306152,25.557784803113435,0.03796666666666667
pareto_a25,6,6.699338861868433,29.581363190032462,0.048466666666666665
pareto_a25,7,7.734716130164352,33.24351972966669,0.06005
pareto_a25,8,8.668388021371781,36.476198954385445,0.07101666666666667
pareto_a25,9,9.565202278603483,39.90049499182917,0.08153333333333333
pareto_a25,10,10.390214406185297,42.804591697234514,0.09205
pareto_a25,11,11.156182989428414,45.526311572378326,0.1018
pareto_a25,12,11.913165091432363,48.17504427846992,0.11286666666666667
pareto_a25,13,12.592061811230181,50.314276789868046,0.1224
pareto_a25,14,13.356009825783621,52.739197640412065,0.13268333333333332
pareto_a25,15,14.0528055769328,55.25430905104043,0.14135
pareto_a25,16,14.732829758260376,57.1250764048425,0.15098333333333333
pareto_a25,17,15.381501857256676,59.51181528797146,0.16003333333333333
pareto_a25,18,16.04492803192643,61.58725548388987,0.16835
pareto_a25,19,16.778635269994183,64.21182880334304,0.1772
pareto_a25,20,17.33071966412111,65.89589545310801,0.18503333333333333
pareto_a25,21,17.861606203352057,67.07944586137364,0.19313333333333332
pareto_a25,22,18.450345215839416,69.11795782589283,0.20185
pareto_a25,23,19.04481701634586,70.70195377871924,0.2096
pareto_a25,24,19.642704116738653,72.85693562219979,0.2165
pareto_a25,25,20.20985094476948,74.9960180135725,0.22403333333333333
pareto_a25,26,20.75785274281758,76.98088610440553,0.23176666666666668
pareto_a25,27,21.320683214431668,78.55537117820603,0.2385
pareto_a25,28,21.927135522394558,80.23979918675093,0.2444
pareto_a25,29,22.469126549318712,82.30081129612873,0.25248333333333334
pareto_a25,30,22.99577646363679,83.84535417234156,0.25775
pareto_a35,1,0.0,0.0,0.0
pareto_a35,2,1.2369840154378307,6.815767388808752,0.0025666666666666667
pareto_a35,3,2.166263830282839,10.715911575419149,0.0052833333333333335
pareto_a35,4,2.993915646486334,13.873253321043409,0.00875
pareto_a35,5,3.7312930460634552,16.386492868509464,0.012266666666666667
pareto_a35,6,4.430822870178728,18.7944527658293,0.016133333333333333
pareto_a35,7,5.0599826603399105,20.886294603298932,0.02105
pareto_a35,8,5.652477498838756,22.89747302945237,0.026333333333333334
pareto_a35,9,6.18067929091194,24.688567785155225,0.031216666666666667
pareto_a35,10,6.668966934699914,26.119530055766006,0.03565
pareto_a35,11,7.1546398218351355,27.590723754846355,0.041183333333333336
pareto_a35,12,7.633028814022988,29.02638193435017,0.04666666666666667
pareto_a35,13,8.065501729674356,30.28433273871741,0.05118333333333333
pareto_a35,14,8.512676541140843,31.42478998390807,0.05585
pareto_a35,15,8.922478376649227,32.77178237714192,0.06135
pareto_a35,16,9.323743190223125,33.9529435182851,0.06615
pareto_a35,17,9.709327925812817,34.81243330204125,0.07131666666666667
pareto_a35,18,10.096699248662595,35.93622302664653,0.07673333333333333
pareto_a35,19,10.474989384766111,36.91044130658918,0.08215
pareto_a35,20,10.840740476598084,38.10860193206705,0.08741666666666667
pareto_a35,21,11.19797745225954,39.42163409946554,0.09416666666666666
pareto_a35,22,11.52036567897402,40.2354131067474,0.09935
pareto_a35,23,11.865645724015026,41.34724626073628,0.10481666666666667
pareto_a35,24,12.169484799833642,42.11504116318253,0.11056666666666666
pareto_a35,25,12.486413864796408,42.98792856372295,0.11503333333333333
pareto_a35,26,12.817593245260948,43.906068556797436,0.1196
pareto_a35,27,13.145475703923061,44.83100513309316,0.12561666666666665
pareto_a35,28,13.446135260405713,45.823804399310475,0.1309
pareto_a35,29,13.749678438719341,46.615145361369855,0.13593333333333332
pareto_a35,30,14.035415712324628,47.481159597005124,0.14145
