family,cv_target,mean,sd,cv,skew,q50,q90,q95,q99,q95_over_mean,p_gt_30,p_gt_60,spec
gamma,0.5,9.998600415937112,4.998702415769618,0.49994021241233066,1.0000499644897796,9.174795239537747,16.714122872590615,19.401633055013647,25.13845846686061,1.940434885675471,0.00226,0.0,gamma_cv05
gamma,1.0,9.989283565033942,9.99339476618546,1.0004115611619946,1.99872899184686,6.926258338957588,22.975567581637858,29.93758030642376,46.07789134356739,2.9969697137456364,0.049692,0.002456,gamma_cv10
gamma,1.5,10.005152572484999,15.031961562216857,1.5024220223843463,2.990572300623258,4.064466062715781,27.699978496726573,40.105992599193144,71.32790867667934,4.008533833805589,0.087606,0.017554,gamma_cv15
weibull,1.0,10.000747282272652,10.007415647020787,1.0006667866470293,2.000179061973377,6.921274357590771,23.039553445518248,29.949979164674872,46.13634207719362,2.9947741223062674,0.049756,0.002522,weibull_cv10
lognormal,1.0,10.001688318823382,9.941475694117349,0.9939797539388714,3.7819990854166328,7.077110111297961,20.556253999808064,27.812144152155643,49.15958847174741,2.78074493681358,0.041412,0.005056,lognormal_cv10
lognormal,1.5,10.009347209789459,14.74301970551079,1.472925196469521,6.584506124672229,5.564102230936431,22.371071740949017,33.14441348940855,69.68106599324211,3.3113461642126136,0.060166,0.014274,lognormal_cv15
mixture,1.0,10.005138525173702,10.000774491658802,0.9995638207803,3.6459135576762636,7.368488792024818,18.21765103722265,27.90211837693503,55.35935730422301,2.788778816678164,0.044628,0.007314,mixture_p10_cv10
mixture,1.5,10.013050470160383,15.065044650290007,1.504540968327777,4.206299350803988,4.9885718884569155,24.614035153527954,36.31597159657305,73.73849945999311,3.6268639317056555,0.071494,0.017026,mixture_p20_cv15
pareto,,9.977546335865119,7.801734657515202,0.7819291832773774,13.84841024838357,7.914479930038234,15.06762272534853,19.79670951454818,37.782564500458214,1.9841260414283683,0.01794,0.003078,pareto_a25
pareto,,9.996704278791487,4.287169921930266,0.4288583319430298,7.994993459338067,8.70993189224141,13.802808442971987,16.817638088939564,26.487634053654308,1.6823182540889032,0.00648,0.000528,pareto_a35
