true,n_hist,reps,cv_hat_mean,cv_hat_sd,x_hat_mean,x_hat_sd,regret_mean,regret_q50,regret_q90,regret_max
gamma_cv05,50,400,0.49431079458694244,0.05420570584530817,12.213612544624548,0.23641204060777166,1.8248523906549357,1.2703166699463964,4.126631395779529,12.556633740687857
gamma_cv05,100,400,0.4980205467766149,0.03751126941532937,12.229793562252157,0.16323718386016095,1.2097589887321936,0.9822568231620608,2.456357001922351,5.839450809575737
gamma_cv05,250,400,0.49876372040718975,0.022987706995701775,12.233052415816314,0.10002138423972519,0.7889944343904415,0.6924205973410267,1.4082731262509414,2.873674637889337
gamma_cv05,500,400,0.49935541263612776,0.016905854324557348,12.235639528265956,0.07355882609032385,0.6688574412874195,0.6259399193621107,1.0851393850243485,1.9956333545344478
gamma_cv05,1000,400,0.5007498519794794,0.0128697160934912,12.241713894821533,0.05599429175111369,0.6232349030366033,0.5986442655731423,0.9753676439472604,1.4971189894473014
gamma_cv10,50,400,0.9832732846470911,0.13006955596495023,14.28450732948068,0.5279000451273634,3.125794396885055,1.51617254450548,7.648576334163988,34.50716256999522
gamma_cv10,100,400,0.9874198284009083,0.0974554339551501,14.304552114504943,0.3975602931610977,1.9406716856261719,1.0775926094517558,4.936395811889987,16.956244253913383
gamma_cv10,250,400,1.0020120499148357,0.06458530505741289,14.367548414851022,0.2640860529582402,1.0151801710182622,0.8144955707366535,1.9475405526438412,5.854588208955647
gamma_cv10,500,400,0.997909722995426,0.044346822135952445,14.35357370924482,0.18397906611349435,0.6714795645334687,0.5375898401994164,1.2621412558800102,3.555794899013904
gamma_cv10,1000,400,0.999206134048477,0.03173607386604045,14.36055271260764,0.1320359921902986,0.5058184962535396,0.4639250392173153,0.9592402314416177,1.7385715686956473
gamma_cv15,50,400,1.4550830195432007,0.23968127714411352,16.12178122969988,0.8404949492613688,5.263279577966097,3.135554548026562,13.686221930462287,41.17800273441321
gamma_cv15,100,400,1.466217341318388,0.16800893395871488,16.19517937501182,0.6279435412809228,2.996662432838183,1.4113212744913994,8.057946320695487,23.088985744306456
gamma_cv15,250,400,1.4883861705269477,0.11619440783163162,16.28690234845464,0.4307125326775167,1.4430156844986581,0.8714820306168463,3.333640642325611,9.42343589768086
gamma_cv15,500,400,1.493959743885684,0.08426224320906914,16.31094272158988,0.3123251241998083,0.8559506385096072,0.562745305674639,1.9027073836508637,7.795280186046966
gamma_cv15,1000,400,1.5001130699836,0.061012298094145594,16.336899161958808,0.2272074628948869,0.5505537584234895,0.37642185708705256,1.2366296125052374,3.0169439315810678
weibull_cv10,50,400,0.9893554512578652,0.12973695507888838,14.30952246929971,0.5270349210387307,3.0279097769131558,1.452656750245012,7.252799126482412,33.72770513387604
weibull_cv10,100,400,0.985814005726038,0.09147764770007104,14.29736506250118,0.37327976090849574,1.7701165894068722,1.1430372208311042,4.279491881191132,13.337186873317478
weibull_cv10,250,400,0.9979432036493431,0.05995487407981282,14.351685368998142,0.24614924308961725,0.9202822568957785,0.6715989124211319,1.8510061344240638,6.050192658817082
weibull_cv10,500,400,0.998708569904407,0.044447879714667515,14.35692040508547,0.18447799197255677,0.6651031046573525,0.5931645474564107,1.2722259271466898,3.7765383907943715
weibull_cv10,1000,400,1.0009819674215512,0.03205483876439202,14.367952796352965,0.13303399401230276,0.5097573534779113,0.45658647276184183,0.9548294169285783,1.6976296551404175
lognormal_cv10,50,400,0.9408126869712384,0.2183385392588745,14.098797081409712,0.8481473280583802,6.355204078603755,3.1575566544987623,14.530736583355466,95.25605364788271
lognormal_cv10,100,400,0.9619045805447661,0.18294499955696952,14.188307858037474,0.6961613580296332,4.140189344370358,1.762452552575155,8.12629051884526,95.25605364788271
lognormal_cv10,250,400,0.9909071224428135,0.13238713371681937,14.315210281865387,0.5329238267606025,2.7532155914785257,1.1187501647533509,5.736973761423034,62.099839603172995
lognormal_cv10,500,400,1.0001223867902467,0.1799300422680694,14.334325746945433,0.4561566560660404,2.1459166214064833,0.7144425592433663,4.250164813440848,95.25605364788271
lognormal_cv10,1000,400,0.993852481452737,0.07184015442326319,14.332897649033402,0.2929217400886961,1.2471416847834302,0.6351763340529715,2.8906080774174487,25.799859039122907
lognormal_cv15,50,400,1.3204197185624877,0.389785806616781,15.505114597744546,1.197878852397259,8.649666457322525,4.9844203832221865,26.876728744667062,46.48473327074623
lognormal_cv15,100,400,1.3913243322336757,0.4363713532482453,15.743313211127086,1.0831005203744886,6.763292641396434,3.232867216035686,19.34589023488268,33.228761295855065
lognormal_cv15,250,400,1.4008351498435543,0.2945891300010766,15.86731868073693,0.8054302452735058,4.0285074578725775,1.7925386829951435,9.76279581380258,32.48170912524688
lognormal_cv15,500,400,1.4570607070679145,0.22768744775530336,16.126546489713817,0.759609804214446,4.658186919546057,1.3659861895595782,14.715524136447005,32.48170912524688
lognormal_cv15,1000,400,1.4580075530778855,0.17694643442924465,16.156261076673278,0.6210062642566213,3.893461123381621,1.6211096746190492,10.99033944930559,32.48170912524688
mixture_p10_cv10,50,400,0.9237472847010744,0.20483902142259505,14.032928681827727,0.838962242830247,6.90286843335914,3.3234130277215854,18.429601933681994,49.923685977168475
mixture_p10_cv10,100,400,0.9606145520149599,0.1699242989115183,14.188346357315078,0.6923702506374068,4.552632426329286,2.056528685847695,11.699176784376403,55.85714421356158
mixture_p10_cv10,250,400,0.9837822095993392,0.10129845493208635,14.288726630949894,0.4136751099812281,2.0308075444239506,1.1939754237707803,4.61482904188149,20.493306593378975
mixture_p10_cv10,500,400,0.9895900723544004,0.07449301927903604,14.314914760056604,0.3051848645171149,1.4211333119103748,0.7847300376228077,3.6778395308692335,10.541132425469527
mixture_p10_cv10,1000,400,0.9978183659312074,0.053763132603635244,14.351923405382804,0.22232522954533188,1.1843119981109302,0.8282138294434844,2.733402915125612,5.895172170740921
mixture_p20_cv15,50,400,1.402578416867887,0.2739489331222557,15.907746598277878,0.940529959202807,5.909273012082071,3.003294910246268,16.547425024754023,32.06324332882332
mixture_p20_cv15,100,400,1.4293759993187083,0.22891576747424702,16.03018651684969,0.8195905296350907,4.2691537591803375,2.4925544101480455,11.517211958075803,21.73191403785222
mixture_p20_cv15,250,400,1.465783649215109,0.1586298799119745,16.194318734985092,0.590492249381777,2.2830026449399874,1.1613796973425679,6.1866200997491685,21.73191403785222
mixture_p20_cv15,500,400,1.477082699893183,0.122334433199274,16.24258640736119,0.44482073671426575,1.4450181323148639,0.6165559873595043,3.133230252899864,21.73191403785222
mixture_p20_cv15,1000,400,1.4928693578466652,0.08725884426812425,16.30692017972561,0.3235308690323728,1.0328838893662193,0.3705523947888878,2.4317478912201524,11.276998406902635
pareto_a25,50,400,0.628609798017627,0.3115518143018901,12.763982788802211,1.228532438818421,13.953768954221216,4.834454674145405,28.04903463986925,187.65377666013597
pareto_a25,100,400,0.6663874653787519,0.31660825747949056,12.917200523396689,1.171498346354763,13.222431888939704,3.7334016318502563,32.54676027583544,187.65377666013597
pareto_a25,250,400,0.7392931711182554,0.5267937966495916,13.148342422399052,1.0871923154271588,13.043552903328527,2.9585029177819138,27.110463616846484,187.65377666013597
pareto_a25,500,400,0.7748171658309897,0.42264067940138594,13.312133878315349,1.0493737902840143,14.420930409194659,4.02348873476501,33.28443072736512,187.65377666013597
pareto_a25,1000,400,0.8143342800995478,0.6552629000770039,13.42416151649232,0.9457463644206358,14.817706711811395,6.266034249163596,29.76157703752432,187.65377666013597
pareto_a35,50,400,0.37911826597240506,0.13388522969538924,11.755378490279913,0.5389364582519703,5.559033463792769,2.659340339520128,10.432957701100685,84.21162092311917
pareto_a35,100,400,0.40311679014074797,0.1637060792636409,11.823815618688622,0.6355877674506124,6.177658755002768,2.4393888383018236,10.782670952104137,279.83597936535375
pareto_a35,250,400,0.416419781272392,0.1016812356875564,11.872497512178938,0.43931969231706747,4.641197870745267,1.880952979441986,11.370791952484277,149.02511592930713
pareto_a35,500,400,0.4174452521875311,0.06889132597341054,11.876848474932048,0.3010194523650832,3.3541392370931726,1.9253919607886303,8.01482761318758,72.4856406373357
pareto_a35,1000,400,0.42552519438607717,0.07603806958997501,11.912392636963908,0.3304716109360256,3.8180339684795737,2.0092801765888453,7.58632293553289,75.00743555286803
