E_W_mean,Q95_W_mean,E_W_max,E_p_wait30,E_idle,Q95_idle,E_overtime,Q95_overtime,P_overtime_gt0,E_cost,Q95_cost,CVaR95_cost,SE_E_cost,spec,policy,N,M
11.654074446100383,29.675397093131874,28.53501953052969,0.1018427777777778,18.57911000982597,47.67737817863627,28.709957638026008,63.326157649468065,1.0,444.20036867871545,1012.2429750793735,1237.6800813509815,1.1355945103034981,gamma_cv05,fixed_mean,30,60000
22.688857256972323,60.98655729362408,56.505697482692135,0.2920583333333333,36.667523992150805,90.5912468910448,46.81753107547943,119.31062102766359,1.0,847.6358278444301,2060.000165953641,2584.4477094904228,2.428199733146466,gamma_cv10,fixed_mean,30,60000
33.11435812428588,94.94922859281678,83.03386211646422,0.37912888888888885,53.76759274547472,128.4254151619703,63.924391393285426,179.055725603227,1.0,1228.8147120060964,3195.759741356757,4088.336260535503,3.92352215241069,gamma_cv15,fixed_mean,30,60000
22.669784266786355,61.42303188456959,56.483976899876,0.2916177777777778,36.880777213136895,90.9057891603873,46.799791923672096,120.21090092047777,1.0,847.4546662772088,2076.0681693931365,2600.29899845896,2.4429797788773504,weibull_cv10,fixed_mean,30,60000
21.309250945322095,63.37298853915775,53.23489630017368,0.2603227777777778,34.887731779665444,83.78171603494513,44.983979723025115,122.89536687151566,1.0,799.020951365044,2142.8571877527233,2830.4890037325263,2.707650047059795,lognormal_cv10,fixed_mean,30,60000
29.19014116232182,94.27658641140181,73.38601053002408,0.3122238888888889,48.429446714788924,111.14133543338275,58.4975968996701,180.9065460618527,1.0,1089.5583220985727,3172.24604721114,4569.593622888473,4.45929946150798,lognormal_cv15,fixed_mean,30,60000
20.98928074591553,63.80874490427751,52.89504182287059,0.26395611111111117,34.983432055507755,81.67310953606207,44.536663335838234,122.9974548392988,1.0,788.7186131601577,2152.3567564146247,2800.571053799818,2.721306818252875,mixture_p10_cv10,fixed_mean,30,60000
31.706047163251082,97.23239596829174,79.60216530250764,0.34810888888888897,51.90619434791719,121.85712157146183,62.053332390918015,182.38781458211292,1.0,1179.1004683752026,3255.3906826710927,4264.672040739968,4.135258129583377,mixture_p20_cv15,fixed_mean,30,60000
13.5458015905238,45.9535500277843,34.22164439012378,0.13890888888888892,23.19982250748223,51.33127292616394,33.00946044583842,95.23068267825997,1.0,518.7926136223552,1567.3806679839677,2560.0712608212457,2.6708389477461734,pareto_a25,fixed_mean,30,60000
8.509646572771244,26.79449990606381,21.30965958948221,0.06588944444444444,14.109871225713492,32.6401908712176,24.037623302170335,58.4043337671393,1.0,331.584386238905,918.1420619213845,1325.6472584610408,1.3234961977355668,pareto_a35,fixed_mean,30,60000
