E_W_mean,Q95_W_mean,E_W_max,E_p_wait30,E_idle,Q95_idle,E_overtime,Q95_overtime,P_overtime_gt0,E_cost,Q95_cost,CVaR95_cost,SE_E_cost,true,assumed,x_assumed,cost_selfassumed,excess_vs_correct
3.1427768147603694,8.677390318310279,14.6321131759496,0.005284333333333334,68.71593423060081,108.95351446741621,13.73183947254229,29.22754481616448,1.0,259.1788518490973,381.8456805298159,490.36391984877616,0.23176924313614192,gamma_cv05,gamma_cv05,12.238476562500002,259.1788518490973,0.0
12.053371885564637,36.601676282040344,40.81952242395762,0.14071666666666668,81.48458632163214,151.49553719566956,26.464139198945272,77.16221511518178,1.0,577.4986076080938,1266.963136933145,1718.9781965626144,1.0938384970197261,gamma_cv10,gamma_cv05,12.238476562500002,517.9323118575387,59.56629575055513
22.088639860222525,69.6784083354853,68.03853444507827,0.2640673333333333,96.80706311125668,189.08249012199525,42.271704215386336,135.23899955877917,1.0,940.816730459962,2366.878295689439,3203.5169654181973,2.210989999613304,gamma_cv15,gamma_cv05,12.238476562500002,784.6841017664397,156.1326286935223
12.053371885564637,36.601676282040344,40.81952242395762,0.14071666666666668,81.48458632163214,151.49553719566956,26.464139198945272,77.16221511518178,1.0,577.4986076080938,1266.963136933145,1718.9781965626144,1.0938384970197261,weibull_cv10,gamma_cv05,12.238476562500002,,
11.568738737180412,39.09426964809123,39.83744912426788,0.13029900000000003,80.97305514155865,144.64417136905269,26.268763643827917,82.41663438359993,1.0,561.5457996861855,1362.4297181061202,2022.4573301545831,1.369070550323351,lognormal_cv10,gamma_cv05,12.238476562500002,519.1997633506751,42.34603633551046
19.462437576562287,70.67017820795209,60.80652227833195,0.206238,94.00727075909225,172.8655482361333,39.41799155760511,139.70415417436263,1.0,850.7236519302634,2409.295219621503,3800.5457461891956,2.7885600794817127,lognormal_cv15,gamma_cv05,12.238476562500002,757.1761356943107,93.54751623595268
11.82064544286943,41.041723382671435,41.17166134493677,0.146545,81.06941607657379,143.55543914914185,26.530881136294422,85.27040011552168,1.0,569.8199577118191,1419.1313362661526,1973.187051550383,1.3349386745674023,mixture_p10_cv10,gamma_cv05,12.238476562500002,527.8410926901868,41.97886502163237
21.17515683870335,72.61256192943988,65.53426243930424,0.23901366666666662,95.88110067557945,182.77357307201413,41.102139542381906,140.90079469904535,1.0,909.2211855970231,2472.706118514983,3447.521452339449,2.4268568947795512,mixture_p20_cv15,gamma_cv05,12.238476562500002,,
6.679894137033189,26.019723705492108,25.472429722739253,0.06019199999999999,74.65126437608157,114.42403860539596,19.632339076345172,60.82869832487639,1.0,388.9640310158493,942.4017548615743,1939.870156079935,1.802879194078642,pareto_a25,gamma_cv05,12.238476562500002,,
2.5201051738196725,9.332242135695429,13.131140998026426,0.014676666666666666,68.15615012081105,95.90382149243453,13.18613279445409,29.894493221675894,1.0,238.28772104512046,405.05634506752244,699.4681181685565,0.5027846567216931,pareto_a35,gamma_cv05,12.238476562500002,,
1.1877970693335167,3.263739139028833,9.760462419603128,0.0003986666666666667,128.01867051405338,169.924266443696,11.289922435682465,22.571632060442585,1.0,314.2510979794772,383.60551208444997,406.69958931661915,0.13256925531801889,gamma_cv05,gamma_cv10,14.3676025390625,259.1788518490973,55.07224613037988
7.014395305601996,21.033561621043685,32.823956777313654,0.07053666666666666,135.2576633938694,211.71437142267166,18.4925629508701,55.26909841472611,1.0,517.9323118575387,846.1170965061776,1143.4653086662734,0.6015691078259805,gamma_cv10,gamma_cv10,14.3676025390625,517.9323118575387,0.0
15.401431181515084,49.75083366280374,58.84075283557313,0.18676166666666663,146.6549215144415,248.90705334887355,30.37490929825878,105.00748732632343,1.0,816.102597070853,1753.5748128441867,2490.892473052389,1.573378208317245,gamma_cv15,gamma_cv10,14.3676025390625,784.6841017664397,31.41849530441334
7.014395305601996,21.033561621043685,32.823956777313654,0.07053666666666666,135.2576633938694,211.71437142267166,18.4925629508701,55.26909841472611,1.0,517.9323118575387,846.1170965061776,1143.4653086662734,0.6015691078259805,weibull_cv10,gamma_cv10,14.3676025390625,,
7.04594456071991,24.173120509326914,33.23720424231489,0.07363333333333333,135.31090725391806,205.2580529977844,18.861962435874915,60.16345421387055,1.0,519.7240762011832,950.1999049111712,1465.637391016773,0.8990144012075814,lognormal_cv10,gamma_cv10,14.3676025390625,519.1997633506751,0.5243128505080676
13.885426031332502,52.30478537802156,53.64214092522452,0.14562699999999998,145.71096784116193,233.38123677454118,29.377035319362438,110.46380727276342,1.0,766.7387872610238,1854.9116915742968,3147.9979854535295,2.248761305217633,lognormal_cv15,gamma_cv10,14.3676025390625,757.1761356943107,9.562651566713157
7.318136831597025,25.779447479570205,35.113859615055595,0.08818933333333333,135.32562272211732,204.24184074468724,19.042434461525545,63.76199572788491,1.0,528.2802193151965,988.1215659587529,1395.0825404333686,0.8155847684543978,mixture_p10_cv10,gamma_cv10,14.3676025390625,527.8410926901868,0.43912662500974875
14.942524088035464,53.658708022218214,57.334920826423634,0.17084600000000003,146.46967515787767,242.88633131015115,29.946060704367707,111.22089833505899,1.0,801.1071943655545,1874.2181567388345,2747.7739827772016,1.8008735670912797,mixture_p20_cv15,gamma_cv10,14.3676025390625,,
4.169913246550499,15.728149642454479,21.65013711293558,0.03597866666666666,132.33292632134402,175.76529532546212,15.569347701295229,43.68834320161608,1.0,420.9019454417935,701.9905563451925,1530.4523238011147,1.5387533825175508,pareto_a25,gamma_cv10,14.3676025390625,,
1.2254324395911422,4.612367497196987,10.129581916988174,0.007072999999999999,128.14603923984149,157.45084947081892,11.431368593172097,22.789440736119992,1.0,315.9177888537614,378.0444269427619,549.3494856741816,0.33448710574510004,pareto_a35,gamma_cv10,14.3676025390625,,
0.5634375590804267,1.6553777240070693,6.947186808908901,6.566666666666666e-05,184.70337098786774,227.03827416273793,10.597669784496803,20.845465898459928,1.0,407.5052083171418,483.3332371238033,502.7623515522057,0.14568271496059926,gamma_cv05,gamma_cv15,16.3461181640625,259.1788518490973,148.32635646804448
4.560542685422415,13.564979006704817,27.97973340642224,0.03992166666666667,189.3380069522892,268.2497208761199,15.195953384289956,45.47059050549771,1.0,545.8842012358308,725.8529910649195,897.5699171495397,0.3699249360599486,gamma_cv10,gamma_cv15,16.3461181640625,517.9323118575387,27.951889378292094
11.376514176302422,36.59013718919307,52.83839369514016,0.13765133333333335,197.6756517899331,305.1957138414275,24.01868644875038,86.84860943150697,1.0,784.6841017664397,1414.9774750325166,1995.6411947739746,1.1397859588646588,gamma_cv15,gamma_cv15,16.3461181640625,784.6841017664397,0.0
4.560542685422415,13.564979006704817,27.97973340642224,0.03992166666666667,189.3380069522892,268.2497208761199,15.195953384289956,45.47059050549771,1.0,545.8842012358308,725.8529910649195,897.5699171495397,0.3699249360599486,weibull_cv10,gamma_cv15,16.3461181640625,,
4.7981682645287576,16.5541114800185,29.19582198330905,0.04770633333333333,189.49010462529765,262.0806762051443,15.664206682254479,49.40163934589895,1.0,554.253670550967,812.8558381441808,1186.9796862541773,0.6382971922733651,lognormal_cv10,gamma_cv15,16.3461181640625,519.1997633506751,35.05390720029186
10.582226577981496,39.9637888497812,49.0042469467069,0.10999566666666666,197.66103656255308,290.05140205487146,23.950150915753554,92.03414835447514,1.0,760.6891722960582,1538.1213806112737,2678.780558830788,1.8686320054825891,lognormal_cv15,gamma_cv15,16.3461181640625,757.1761356943107,3.513036601747558
5.046131529458087,17.725576919799224,31.348864083916283,0.059061,189.47322566629995,261.1962522963224,15.813084280708116,53.40233752499984,1.0,561.9565657777586,837.0960675502772,1106.4342296016753,0.5291659963638686,mixture_p10_cv10,gamma_cv15,16.3461181640625,527.8410926901868,34.115473087571786
11.18599042095432,40.178882360142474,52.00208492395768,0.12849733333333332,197.79851499017798,299.4009597422081,23.897947411668035,92.40540902477296,1.0,778.9726374323216,1521.6693442490962,2247.860078479861,1.3599473821971835,mixture_p20_cv15,gamma_cv15,16.3461181640625,,
3.0008472011418292,11.059514470335673,19.12336880116012,0.025482666666666664,188.00864968351644,233.00342718346755,13.86811793846764,35.55169405479157,1.0,493.778951278223,658.3603510464352,1339.1486959616223,1.3809746752711,pareto_a25,gamma_cv15,16.3461181640625,,
0.7550808565853347,2.928729282413568,8.128767931009753,0.004592000000000001,184.94923331888444,214.74073286662912,10.8576095472151,20.21366694233715,1.0,414.2661114297592,464.5374541663995,567.1381492386096,0.2627034691302209,pareto_a35,gamma_cv15,16.3461181640625,,
1.3505064671832105,3.697299296338243,10.303639187887875,0.0005526666666666667,119.15069076329102,160.94473524403017,11.476654598982563,23.062508732426718,1.0,301.76988474004355,370.84182602013243,397.1952149630519,0.1328423757114108,gamma_cv05,lognormal_cv10,14.05537109375,259.1788518490973,42.591032890946224
7.554937282842225,22.70883108921026,33.76253892215084,0.07766733333333334,126.98295431571627,202.78769024656683,19.272565786779477,57.39241055225286,1.0,519.1591586902582,883.2619920823481,1205.9707704067062,0.6561368436333603,gamma_cv10,lognormal_cv10,14.05537109375,517.9323118575387,1.2268468327195023
16.20379895852932,52.41843559253764,59.97237874921379,0.19634300000000002,138.94972420451046,240.07864917065925,31.72442390239018,108.78033969514799,1.0,827.4622649696806,1827.9772787343986,2585.287457802457,1.6557712045509767,gamma_cv15,lognormal_cv10,14.05537109375,784.6841017664397,42.77816320324098
7.554937282842225,22.70883108921026,33.76253892215084,0.07766733333333334,126.98295431571627,202.78769024656683,19.272565786779477,57.39241055225286,1.0,519.1591586902582,883.2619920823481,1205.9707704067062,0.6561368436333603,weibull_cv10,lognormal_cv10,14.05537109375,,
7.533422714450348,25.844851567020363,34.01136569655693,0.07942333333333335,126.99638693128148,196.3011753511614,19.60215402730081,62.75040329004725,1.0,519.1997633506751,990.2849761607889,1529.2751560037557,0.9538136634994141,lognormal_cv10,lognormal_cv10,14.05537109375,519.1997633506751,0.0
14.545784562723636,54.65236928117148,54.51638081799518,0.15283266666666667,137.78968205414066,224.44246591960393,30.51046144640357,114.24294582732745,1.0,772.9738238827975,1918.8281201066816,3234.6765043550195,2.318842028431554,lognormal_cv15,lognormal_cv10,14.05537109375,757.1761356943107,15.797688188486859
7.809384096509898,27.481483375443077,35.83075286997302,0.09451933333333333,127.02238493830389,195.3348006650501,19.793908591774592,66.07807527477252,1.0,527.9141099554539,1031.0842586954059,1462.0576326925732,0.8766144574980468,mixture_p10_cv10,lognormal_cv10,14.05537109375,527.8410926901868,0.07301726526713992
15.688070136353408,56.115043217989815,58.33969851934503,0.17908400000000005,138.6849804940873,234.01482764098134,31.216077954639847,114.94148783888882,1.0,810.4442209880567,1946.1170170103558,2841.309299566333,1.8827604999279457,mixture_p20_cv15,lognormal_cv10,14.05537109375,,
4.427942385576747,16.744393160130763,22.112567172703123,0.038375000000000006,123.67017673022814,166.75053595414823,15.961310024241795,45.68970929790891,1.0,412.1012450762423,720.139759213484,1575.008667745296,1.569764891356157,pareto_a25,lognormal_cv10,14.05537109375,,
1.3397808802376914,5.012094693472711,10.49666034296154,0.007701666666666667,119.23592248691504,148.41062015676212,11.575963754308159,23.378365550176266,1.0,301.8171988895772,371.6925990331522,556.2392036991172,0.3508129695895056,pareto_a35,lognormal_cv10,14.05537109375,,
0.7824565439954764,2.2162899000448215,8.123013740526536,0.000137,158.7592906286294,200.9345344081652,10.83713434713347,21.423468452674946,1.0,362.66654627139,435.53596102760116,454.8942513956934,0.1388453861355318,gamma_cv05,lognormal_cv15,15.4432373046875,259.1788518490973,103.48769442229269
5.505892863234713,16.398141903534437,29.9908787154322,0.051233999999999995,164.37572662057323,242.32838603151637,16.41721797444895,49.15776682658982,1.0,526.7626750870857,758.1217860995714,980.4483157255133,0.4533551715274808,gamma_cv10,lognormal_cv15,15.4432373046875,517.9323118575387,8.830363229546947
13.008843814602196,41.83458984741279,55.35862125341935,0.157731,173.98355628136673,279.47986966887646,26.510135862058974,94.14551877888822,1.0,791.2526987249173,1545.0850616006187,2199.31758891062,1.319334828748553,gamma_cv15,lognormal_cv15,15.4432373046875,784.6841017664397,6.568596958477656
5.505892863234713,16.398141903534437,29.9908787154322,0.051233999999999995,164.37572662057323,242.32838603151637,16.41721797444895,49.15776682658982,1.0,526.7626750870857,758.1217860995714,980.4483157255133,0.4533551715274808,weibull_cv10,lognormal_cv15,15.4432373046875,,
5.672257189131204,19.48651588919105,30.88855507021407,0.05754299999999999,164.50118954017694,236.16310247384897,16.858836519008772,53.59968569851272,1.0,532.8877677923074,855.5239176432618,1289.6333026917325,0.7404153524993088,lognormal_cv10,lognormal_cv15,15.4432373046875,519.1997633506751,13.688004441632302
11.923596813304568,45.021925685757175,50.95723692488085,0.12444833333333333,173.63072818625565,264.13292728920266,26.103387461331106,99.54942001412336,1.0,757.1761356943107,1658.9633529121472,2875.599824649743,2.029150520963705,lognormal_cv15,lognormal_cv15,15.4432373046875,757.1761356943107,0.0
5.930570212379737,20.87719650421494,32.931043911627555,0.07037266666666667,164.49574863401682,235.18300755698144,17.019152170300064,57.38900191803845,1.0,540.946907980026,883.3361570701319,1211.4263864466034,0.6402580899317214,mixture_p10_cv10,lognormal_cv15,15.4432373046875,527.8410926901868,13.105815289839256
12.714999229290655,45.78581800280779,54.24332012226372,0.14591,174.00017533162642,273.5380826888627,26.283152674991474,100.14826577546911,1.0,782.0166328919555,1653.154205401037,2455.397408483067,1.5448379539539088,mixture_p20_cv15,lognormal_cv15,15.4432373046875,,
3.452537931900608,12.863542827030333,20.203670269876888,0.029471,162.46647612965637,206.88756252538477,14.509489306482543,38.801451194854714,1.0,457.528068829296,665.0310453147988,1409.3354459294428,1.4458573809908228,pareto_a25,lognormal_cv15,15.4432373046875,,
0.9278247842697199,3.552729722919926,8.980013632423738,0.005490333333333333,158.97226381201065,188.59182171467023,11.064184962216267,21.147713827606065,1.0,367.9076410765454,419.3298158230711,548.4576649177696,0.290142824693212,pareto_a35,lognormal_cv15,15.4432373046875,,
1.3030269389007045,3.568095721575237,10.150030839367615,0.0005073333333333334,121.59378559448473,163.4314817673193,11.421897867676243,22.935021908555125,1.0,305.1221750913431,374.31708069638364,399.4869183831586,0.13258760639034775,gamma_cv05,mixture_p10_cv10,14.141503906250001,259.1788518490973,45.943323242245754
7.40039442550227,22.212003011670593,33.49767986591888,0.07562633333333334,129.25581985413942,205.24519220169023,19.0475797627026,56.81117423373549,1.0,518.6186319987521,871.6021425568148,1187.9885678014186,0.6405153797943527,gamma_cv10,mixture_p10_cv10,14.141503906250001,517.9323118575387,0.6863201412134003
15.977151230381988,51.66853554111251,59.65430749395739,0.19361166666666668,141.0640319548279,242.5389622295792,31.340880090207587,107.75412537244779,1.0,824.1243610015306,1806.2058621354138,2558.8550953901013,1.6326519916914664,gamma_cv15,mixture_p10_cv10,14.141503906250001,784.6841017664397,39.440259235090934
7.40039442550227,22.212003011670593,33.49767986591888,0.07562633333333334,129.25581985413942,205.24519220169023,19.0475797627026,56.81117423373549,1.0,518.6186319987521,871.6021425568148,1187.9885678014186,0.6405153797943527,weibull_cv10,mixture_p10_cv10,14.141503906250001,,
7.394284540698218,25.36766904458148,33.79292620901048,0.07779866666666667,129.28105560552004,198.78255658080107,19.388971139039363,62.085635247080745,1.0,519.1685897100654,977.735410329557,1511.0947737541014,0.9382532940637881,lognormal_cv10,mixture_p10_cv10,14.141503906250001,519.1997633506751,-0.031173640609722497
14.359089346776216,53.983591703034364,54.270469454996594,0.15081466666666668,139.96526367374193,226.92193822377445,30.188191503504836,113.19649509054148,1.0,771.0795907577799,1899.5208229224843,3210.431400903729,2.299211400756568,lognormal_cv15,mixture_p10_cv10,14.141503906250001,757.1761356943107,13.90345506346921
7.669260907985077,26.995334277106195,35.62864842823454,0.09271166666666668,129.30398031717328,197.77172786005946,19.577652408143948,65.32202414548084,1.0,527.8410926901868,1018.6231659361264,1442.9200512035106,0.8592797766699948,mixture_p10_cv10,mixture_p10_cv10,14.141503906250001,527.8410926901868,0.0
15.477434848220279,55.465441274012285,58.056938322309946,0.17680066666666666,140.8219562228797,236.45927488420645,30.85520212093222,113.83310367968407,1.0,807.6773621342322,1924.8624402927496,2815.140878034504,1.8598317280551104,mixture_p20_cv15,mixture_p10_cv10,14.141503906250001,,
4.35405285847707,16.468530837394493,21.982663764746132,0.03769966666666667,126.05509303374691,169.23629825731052,15.848374765260562,45.1278386979708,1.0,414.42852135232715,714.6604225491932,1562.2346136658155,1.5610008754691875,pareto_a25,mixture_p10_cv10,14.141503906250001,,
1.3066384143262355,4.890197481313006,10.393648529810486,0.007528,121.6917043046072,150.90308182096197,11.533894009500276,23.22585595192098,1.0,305.650349058002,373.1806630404718,553.9715000587275,0.3461172237251538,pareto_a35,mixture_p10_cv10,14.141503906250001,,
11.539010179959375,29.336097627428124,28.400259202136784,0.09932366666666669,18.706665757325077,47.70807542083476,28.638391311766632,62.803175119467795,1.0,440.86041953696474,1003.4960938261939,1231.4472442674528,0.8708722686502942,gamma_cv05,mean_only,10.0,259.1788518490973,181.6815676878674
22.67770912564915,61.35618396696627,56.50290963353896,0.2915576666666666,36.920810117128084,90.74110156010103,46.8161833069413,119.68694814100445,1.0,847.8052606176135,2074.368811360384,2593.814580783439,1.8901507402997522,gamma_cv10,mean_only,10.0,517.9323118575387,329.8729487600748
33.153583341303325,94.61686430280307,83.34261479202235,0.3793776666666668,53.918813661225606,128.03259014685875,64.29927507785534,179.31438956643836,1.0,1231.0436777172617,3190.8054120024076,4078.0795057242385,3.032368233177491,gamma_cv15,mean_only,10.0,784.6841017664397,446.3595759508221
22.67770912564915,61.35618396696627,56.50290963353896,0.2915576666666666,36.920810117128084,90.74110156010103,46.8161833069413,119.68694814100445,1.0,847.8052606176135,2074.368811360384,2593.814580783439,1.8901507402997522,weibull_cv10,mean_only,10.0,,
21.300825062991038,62.979077179922946,53.329030931736604,0.259313,34.91199584950521,83.06493439968777,45.123524664274555,122.98838483017302,1.0,799.0957929172906,2129.6470151188983,2850.7333474973148,2.107311828060603,lognormal_cv10,mean_only,10.0,519.1997633506751,279.89602956661554
29.212012428472335,94.25570476557468,73.50568065426958,0.3107,48.586026405406294,110.67694213802017,58.91256751641924,181.00975172370255,1.0,1091.3575606978209,3178.367554640029,4616.027433253276,3.4974997467644533,lognormal_cv15,mean_only,10.0,757.1761356943107,334.1814250035102
21.265573341950653,64.79920695235437,53.4559836317022,0.26671100000000003,34.781525974848556,81.45520219774427,45.15881134706925,124.49562695837778,1.0,797.8478749023549,2183.861349818427,2813.390381947089,2.1230871767146784,mixture_p10_cv10,mean_only,10.0,527.8410926901868,270.0067822121681
31.658650955585617,96.981280827664,79.52326762051398,0.34767033333333325,51.83530443911631,121.1293454797539,61.97216361841885,183.4089098790842,1.0,1177.374464782639,3264.106394906769,4304.879944834007,3.224169480295733,mixture_p20_cv15,mean_only,10.0,,
13.685656535763155,46.38125866682566,34.340516306748086,0.139599,23.21071637115796,51.16176392629918,33.107611383921636,95.86637832911697,1.0,523.2063515830537,1583.2524794886576,2641.9041432164095,2.281506365178738,pareto_a25,mean_only,10.0,,
8.499352268901191,26.87707431684265,21.343044054798213,0.06610666666666667,14.185737448044543,32.6964796000454,24.13154043418767,58.676190065801926,1.0,331.6151238315001,919.1874977696125,1329.7260978008262,1.0118988367598187,pareto_a35,mean_only,10.0,,
