spec,uniform_cost,nonuniform_cost,incremental_saving,incremental_pct
gamma_cv05,259.0471978231611,257.3673942547708,1.679803568390355,0.6484546378058391
gamma_cv10,516.6236741675758,512.1584339577701,4.465240209805756,0.8643119611195709
gamma_cv15,783.9236318326145,774.8239223736897,9.099709458924849,1.1607902976023363
lognormal_cv10,518.4425610199938,512.6560269592361,5.786534060757731,1.1161379284473083
lognormal_cv15,756.5748107136715,745.8192149765698,10.755595737101658,1.421616948488674
mixture_p10_cv10,525.3597078942979,518.0514901741882,7.308217720109724,1.391088355329323
mixture_p20_cv15,781.2179290897998,770.6543545253966,10.563574564403211,1.3521930528029324
pareto_a25,387.42180541512585,381.9124025344762,5.509402880649645,1.4220683512499437
pareto_a35,230.79024063507103,227.9792132516138,2.8110273834572297,1.2180009760040365
weibull_cv10,516.6236741675758,512.1584339577701,4.465240209805756,0.8643119611195709
