spec,x,E_W_mean,E_idle,E_overtime,E_cost,Q95_W_mean,P_overtime
gamma_cv05,8.0,31.54599300328731,3.0776460229915585,70.93756190098344,1094.4102059465697,56.02967896723231,1.0
gamma_cv05,8.5,25.546165610369947,4.844724245678795,58.20464012367067,892.4836970497972,49.13286045920205,1.0
gamma_cv05,9.0,20.109903582044044,7.719284197959487,46.579200075951356,711.894076009143,42.37370851027732,1.0
gamma_cv05,9.5,15.404951716529636,12.218371473577365,36.57828735156924,559.7418691461822,35.748715425798885,1.0
gamma_cv05,10.0,11.543617137468077,18.72471587108411,28.58463174907598,440.92720936436257,29.315790821663498,1.0
gamma_cv05,10.5,8.542173321896877,27.334579560425883,22.694495438417754,356.3233496545935,23.26192036293299,1.0
gamma_cv05,11.0,6.316426346659449,37.79663088846757,18.656546766459435,302.3991457096374,17.826957402837277,1.0
gamma_cv05,11.5,4.713881261963967,49.64419126798226,16.00410714597414,272.7130346868318,13.305338394186224,1.0
gamma_cv05,12.0,3.5715671310723036,62.42870269724825,14.288618575240115,260.5816564771458,9.90507106638794,1.0
gamma_cv05,12.5,2.7531292184493097,75.80320694594343,13.163122823935293,260.52653609323676,7.5563880170844815,1.0
gamma_cv05,13.0,2.157767161253423,89.54176101423106,12.401676892222904,268.61989065051057,5.8682149271764565,1.0
gamma_cv05,13.5,1.7174968450299097,103.51121727180144,11.87113314979333,282.2896061940869,4.671189271923747,1.0
gamma_cv05,14.0,1.3844971120307181,117.62675240833582,11.486668286327676,299.7617547502485,3.7846498528491774,1.0
gamma_cv05,14.5,1.1280158835427592,131.83901760032245,11.198933478314332,319.9163786635564,3.1063205311144744,1.0
gamma_cv05,15.0,0.9273876832163285,146.11643158868026,10.97634746667208,342.00718860719445,2.5804324525240077,1.0
gamma_cv05,15.5,0.7677714060524755,160.4414220535735,10.801337931565335,365.51866215185186,2.1687220339312283,1.0
gamma_cv05,16.0,0.6392314338733056,174.80138554778415,10.661301425776045,390.1023169633197,1.8473667881877718,1.0
gamma_cv05,16.5,0.5347540370821483,189.18834903557433,10.548264913566204,415.5158490107455,1.583675441410741,1.0
gamma_cv05,17.0,0.44922768337518887,203.5965097224467,10.456425600438605,441.58270114702634,1.3631437224167893,1.0
gamma_cv05,17.5,0.3787122410735028,218.02139525574307,10.381311133734911,468.166780011161,1.1816455031135733,1.0
gamma_cv05,18.0,0.3201329318298928,232.4588434226163,10.318759300608178,495.15919340134576,1.032436950422147,1.0
gamma_cv05,18.5,0.2712241451169127,246.90693235500456,10.266848232996427,522.4842855295094,0.9034586117860054,1.0
gamma_cv05,19.0,0.23027422332200992,261.3635878598506,10.22350373784248,550.0824098950465,0.7943228789365983,1.0
gamma_cv05,19.5,0.19578167798094728,275.82715341826645,10.187069296258352,577.9018957684781,0.7007803571738487,1.0
gamma_cv05,20.0,0.16668439568706658,290.2961343489974,10.156050226989287,605.9049010225854,0.6206595758755632,1.0
gamma_cv05,20.5,0.1420666554542651,304.7700778490044,10.129993726996222,634.0621428156293,0.5495556822792482,1.0
gamma_cv05,21.0,0.12119318879353992,319.2480536443748,10.10796952236673,662.3478419972894,0.48967965179045486,1.0
gamma_cv05,21.5,0.10343938915439214,333.7292656848441,10.089181562835973,690.740076169992,0.43752288107496545,1.0
gamma_cv05,22.0,0.0883248120763255,348.2132908221691,10.073206700161036,719.2227394069502,0.39213389725998204,1.0
gamma_cv05,22.5,0.07545250611229322,362.6995487116108,10.05946458960271,747.7816017857958,0.3536862692203981,1.0
gamma_cv05,23.0,0.0644716373695761,377.1878632731487,10.047779151140526,776.4054339696656,0.31881098578336164,1.0
gamma_cv05,23.5,0.05509438312044865,391.67783100744515,10.037746885436945,805.0839872793775,0.28838760960909965,1.0
gamma_cv05,24.0,0.047080707437295206,406.1692659514872,10.029181829479025,833.8093167850512,0.26041971811159603,1.0
gamma_cv05,24.5,0.04023712724674458,420.66194694355227,10.021862821544227,862.5747333475955,0.23563843676137664,1.0
gamma_cv05,25.0,0.03438712586890074,435.15578642101644,10.015702299008248,891.3745912161161,0.2134948975274382,1.0
gamma_cv05,25.5,0.029385220897628274,449.65051743618017,10.010433314172003,920.203458127633,0.1920236509697283,1.0
gamma_cv05,26.0,0.025109847266162978,464.1459900920561,10.005905970048005,949.0570875421932,0.17146610346205973,1.0
gamma_cv10,8.0,39.01447810884552,13.910702954840632,81.71835952163312,1361.6924682183135,86.57687961999332,1.0
gamma_cv10,8.5,34.254655290370316,18.138772568912717,71.44642913570523,1206.8100621203453,80.00463576832092,1.0
gamma_cv10,9.0,29.92916195889498,23.362974092119554,62.170630658912046,1068.9420682689126,73.63653671267268,1.0
gamma_cv10,9.5,26.04922491341461,29.6496151598262,53.957271726618686,948.690521175328,67.27928368401183,1.0
gamma_cv10,10.0,22.61101350372194,37.010223526523525,46.81788009331601,845.9866123513373,61.078282911546964,1.0
gamma_cv10,10.5,19.600985289554714,45.42274832900927,40.73040489580176,760.3358651362632,55.07597092143647,1.0
gamma_cv10,11.0,16.992222351529232,54.8097800079322,35.61743657472468,690.6211037111907,49.240846162001404,1.0
gamma_cv10,11.5,14.747387300572603,65.06902135443288,31.37667792122536,635.3130175684945,43.66809056757009,1.0
gamma_cv10,12.0,12.831110849190203,76.09592699928683,27.903583566079316,592.9323466064384,38.54367614396614,1.0
gamma_cv10,12.5,11.200990363882148,87.77142553458954,25.07908210138203,561.7307261884076,33.85298743961117,1.0
gamma_cv10,13.0,9.81740219372691,99.98298963877436,22.790646205566837,540.0693375004896,29.64584134625178,1.0
gamma_cv10,13.5,8.64232335492542,112.62960926343568,20.93726583022819,526.4034508350906,26.057444076284916,1.0
gamma_cv10,14.0,7.643104678546724,125.62183865504637,19.429495221838863,519.3958081101722,22.90504715772582,1.0
gamma_cv10,14.5,6.790090920264498,138.88279750289433,18.190454069686833,517.8492307530973,20.25317278818212,1.0
gamma_cv10,15.0,6.059777602571843,152.3631364007514,17.170792967543857,520.8611868137457,18.007046107714835,1.0
gamma_cv10,15.5,5.432522038453268,166.01739870278755,16.32505526958005,527.6605690983331,16.133595301946073,1.0
gamma_cv10,16.0,4.89065665869351,179.81068421915077,15.618340785943301,537.5777497709935,14.470999042440967,1.0
gamma_cv10,16.5,4.419811025587829,193.71380312125925,15.021459688051772,550.0648563862569,13.103147803107317,1.0
gamma_cv10,17.0,4.008593375391168,207.70440031702992,14.512056883822419,564.6907156634398,11.930031620476624,1.0
gamma_cv10,17.5,3.64765460994498,221.76574864111345,14.07340520790595,581.1079459963883,10.879990826013666,1.0
gamma_cv10,18.0,3.329326214879,235.88605531888183,13.693711885674281,599.0393208554822,9.936886986765181,1.0
gamma_cv10,18.5,3.0469175359190297,250.0546759312889,13.362332498081406,618.2415429363115,9.121970311552385,1.0
gamma_cv10,19.0,2.7957533075352323,264.26432126660256,13.071977833395069,638.5451974260523,8.429083592907132,1.0
gamma_cv10,19.5,2.571159801863253,278.50703381148253,12.814690378274985,659.7782424354125,7.805012465047947,1.0
gamma_cv10,20.0,2.369512917292104,292.77832877394366,12.585985340736103,681.8140157481225,7.249415658770729,1.0
gamma_cv10,20.5,2.1879165060418404,307.0733340526168,12.380990619409303,704.5461445253075,6.733133514804179,1.0
gamma_cv10,21.0,2.0240105430146658,321.39024135405145,12.19789792084396,727.8965948402308,6.265398758553393,1.0
gamma_cv10,21.5,1.8754551833261381,335.7258207756431,12.033477342435601,751.7822517359416,5.858532104078143,1.0
gamma_cv10,22.0,1.7405346967708546,350.07664087398325,11.88429744077573,776.1379175326435,5.489471897772598,1.0
gamma_cv10,22.5,1.6174523921863904,364.441021401789,11.74867796858149,800.9029705063328,5.141776993241897,1.0
gamma_cv10,23.0,1.5050870202869295,378.8176414295721,11.625297996364683,826.0384894604817,4.830363441691474,1.0
gamma_cv10,23.5,1.4023016959781032,393.2052383334345,11.512894900226952,851.5053173466658,4.5434735122364565,1.0
gamma_cv10,24.0,1.307951955140358,407.6023077460034,11.409964312795973,877.2631027718097,4.273450735017773,1.0
gamma_cv10,24.5,1.221220183495888,422.00814197346153,11.315798540253923,903.2844865323073,4.023079188189924,1.0
gamma_cv10,25.0,1.1413638225383804,436.4220021394018,11.229658706194314,929.5442363673436,3.7940979243835984,1.0
gamma_cv10,25.5,1.0677245235295385,450.8427494855624,11.150406052354972,956.018046781721,3.5804714847345482,1.0
gamma_cv10,26.0,0.9996335910230516,465.26951591230085,11.077172479093251,982.6823845134796,3.3887603716246955,1.0
lognormal_cv15,8.0,43.23108141071772,20.60867552501241,88.58167455960668,1515.3131424907697,118.3287871794455,1.0
lognormal_cv15,8.5,39.171723141714466,26.287472344948664,79.76047137954292,1387.2475817004174,112.12495182810389,1.0
lognormal_cv15,9.0,35.50070615195552,32.882696140452644,71.8556951750469,1274.4979671896647,106.04263635868487,1.0
lognormal_cv15,9.5,32.199440961529966,40.36009326278356,64.8330922973778,1176.3695999662218,100.13188101821501,1.0
lognormal_cv15,10.0,29.24314157411586,48.6683984864502,58.64139752104446,1091.9138392384655,94.37004631696469,1.0
lognormal_cv15,10.5,26.606928670295062,57.74381350742245,53.216812542016704,1020.1291122077303,88.95414990433159,1.0
lognormal_cv15,11.0,24.26053031891088,67.50630484490924,48.479303879503505,959.7871270161519,83.4953418431843,1.0
lognormal_cv15,11.5,22.17126892015769,77.86935059914863,44.34234963374287,909.5614680705135,78.27900796198773,1.0
lognormal_cv15,12.0,20.31090481010674,88.76356287625876,40.73656191085302,868.3273938774258,73.27879806916532,1.0
lognormal_cv15,12.5,18.65375854011526,100.12820588323986,37.60120491783409,835.0715778056056,68.45356481240552,1.0
lognormal_cv15,13.0,17.177568802023586,111.90188224345574,34.87488127805001,808.8805911037192,63.78784324242584,1.0
lognormal_cv15,13.5,15.860225548171904,124.03398160718388,32.506980641778135,788.8886909430811,59.43553996613637,1.0
lognormal_cv15,14.0,14.682833663428033,136.4702358218017,30.44323485639597,774.3119512592364,55.28110517822271,1.0
lognormal_cv15,14.5,13.627790170504007,149.16758798371336,28.640587018307667,764.4500551191622,51.61341230454068,1.0
lognormal_cv15,15.0,12.680877940175057,162.08846657394855,27.061465608542832,758.7262025702344,47.97664160674663,1.0
lognormal_cv15,15.5,11.829705189732337,175.20525229763544,25.67825133222971,756.6581629517004,44.796468984441354,1.0
lognormal_cv15,16.0,11.061835920112266,188.4846412127554,24.45764024734968,757.7396405235783,42.00961959291069,1.0
lognormal_cv15,16.5,10.366451393812312,201.90023273355675,23.373231768151037,761.5404708177851,39.37392748961966,1.0
lognormal_cv15,17.0,9.735875960348706,215.43648096025566,22.40947999484994,767.7682007206724,36.97050140639449,1.0
lognormal_cv15,17.5,9.162080814765513,229.07478517639592,21.547784210990155,776.1075632177375,34.83008473471194,1.0
lognormal_cv15,18.0,8.638460090032751,242.80138353883993,20.774382573434146,786.3053349255307,32.866866665764,1.0
lognormal_cv15,18.5,8.159901556022664,256.6043880472771,20.077387081871333,798.1605969389766,31.04552528531334,1.0
lognormal_cv15,19.0,7.720937387579463,270.47699116123465,19.449990195828963,811.4820843415113,29.348246334961278,1.0
lognormal_cv15,19.5,7.3173916987382,284.4073325063736,18.88033154096785,826.0970790568291,27.83614922693,1.0
lognormal_cv15,20.0,6.945597724591364,298.39095797413574,18.363957008730015,841.8777617034724,26.472036507120023,1.0
lognormal_cv15,20.5,6.602526542191178,312.41972517317043,17.892724207764733,858.7006950276058,25.239871658651914,1.0
lognormal_cv15,21.0,6.285323963613476,326.4893642706178,17.46236330521205,876.4631740600638,24.05716491032483,1.0
lognormal_cv15,21.5,5.991415234775695,340.59687553560184,17.06987457019607,895.0759572548665,22.96170794984015,1.0
lognormal_cv15,22.0,5.718418308553932,354.73582047344416,16.708819508038413,914.4418292195832,21.96206934060712,1.0
lognormal_cv15,22.5,5.464430213786735,368.9026418948656,16.375640929459905,934.4894720622531,21.038483309808424,1.0
lognormal_cv15,23.0,5.2275267086899015,383.09431968527144,16.067318719865682,955.1490780709713,20.11349215362637,1.0
lognormal_cv15,23.5,5.006051118028921,397.30845636603897,15.781455400633263,976.3613570742122,19.307546586043124,1.0
lognormal_cv15,24.0,4.798664965337573,411.543431048727,15.516430083321133,998.079671224223,18.514948665138153,1.0
lognormal_cv15,24.5,4.604384475340831,425.7972155418511,15.270214576445422,1020.2663944968182,17.811740894958707,1.0
lognormal_cv15,25.0,4.422032944339018,440.0679775379822,15.040976572576463,1042.8788965512879,17.170486010522076,1.0
lognormal_cv15,25.5,4.250542362866204,454.35489537368437,14.827894408278581,1065.881850449912,16.537284538953077,1.0
lognormal_cv15,26.0,4.089001209081104,468.6566986963397,14.629697730933842,1089.24282912698,15.944995652604254,1.0
mixture_p10_cv10,8.0,36.59525865159647,10.398742634978179,78.36185082276411,1275.3789464633785,89.29721841941911,1.0
mixture_p10_cv10,8.5,31.945005802605557,14.768818798091162,68.2319269858771,1124.3516656461036,82.84857216518994,1.0
mixture_p10_cv10,9.0,27.82543350579416,20.320336401420228,59.28344458920617,993.9705671550776,76.48073626435847,1.0
mixture_p10_cv10,9.5,24.216967459986112,27.056111140960343,51.519219328746274,883.6596847389968,70.25461357590346,1.0
mixture_p10_cv10,10.0,21.085088060091483,34.938084204162884,44.90119239194881,792.2311949949677,64.36726021573254,1.0
mixture_p10_cv10,10.5,18.385691757670976,43.87261973552967,39.33572792331561,717.9874480478197,58.71299876154338,1.0
mixture_p10_cv10,11.0,16.07176163861499,53.737906705928275,34.70101489371422,659.0306923577347,53.0964582826196,1.0
mixture_p10_cv10,11.5,14.097345512854643,64.40754582245967,30.87065401024562,613.4767650510499,47.8017854030698,1.0
mixture_p10_cv10,12.0,12.417020041449764,75.77291183885879,27.73602002664473,579.5284649744998,42.87526998466429,1.0
mixture_p10_cv10,12.5,10.985454484838224,87.70826258583558,25.171370773621536,555.322901264061,38.335276319424715,1.0
mixture_p10_cv10,13.0,9.765159775410288,100.11275503719494,23.075863224980882,539.3320297866603,34.24700258324525,1.0
mixture_p10_cv10,13.5,8.722277392215586,112.89215828319509,21.35526647098102,530.1631712748199,30.651393004485044,1.0
mixture_p10_cv10,14.0,7.828352369582143,125.97386502001541,19.936973207801355,526.6722475430978,27.563054491992315,1.0
mixture_p10_cv10,14.5,7.059973790977277,139.30058272318536,18.7636909109713,527.9277609976318,24.85479843793776,1.0
mixture_p10_cv10,15.0,6.396122575728605,152.8218616105778,17.78496979836372,533.0973400897412,22.451600166647463,1.0
mixture_p10_cv10,15.5,5.819685979137472,166.49627595336116,16.9593841411471,541.5018995631407,20.427306909328077,1.0
mixture_p10_cv10,16.0,5.317604414156617,180.3012038102072,16.264311997993154,552.6591640410993,18.63120975286279,1.0
mixture_p10_cv10,16.5,4.8776563647041895,194.2112208535264,15.674329041312312,566.100790730803,17.140593758921128,1.0
mixture_p10_cv10,17.0,4.490004831291065,208.20467785031818,15.16778603810414,581.4450727155765,15.79995434800964,1.0
mixture_p10_cv10,17.5,4.146774472725095,222.26548064664672,14.728588834432664,598.3913731439117,14.648289964829484,1.0
mixture_p10_cv10,18.0,3.8418873308496697,236.38108122609157,14.344189413877505,616.7071612054283,13.569963514996012,1.0
mixture_p10_cv10,18.5,3.5696405999990817,250.54218257348762,14.005290761273551,636.1841646694947,12.635028908905412,1.0
mixture_p10_cv10,19.0,3.3253288400485745,264.74256020401896,13.705668391804886,656.6563223931049,11.78713930415474,1.0
mixture_p10_cv10,19.5,3.1053393053339624,278.9755931486093,13.438701336395155,677.9887681300277,11.026863648425527,1.0
mixture_p10_cv10,20.0,2.906463978842325,293.23706083486644,13.200169022652387,700.0683790803075,10.37812396307181,1.0
mixture_p10_cv10,20.5,2.7258578984688477,307.5240591190614,12.98716730684734,722.7981898058828,9.76863399349702,1.0
mixture_p10_cv10,21.0,2.5612325570070045,321.83197398775826,12.795082175544245,746.0910890368152,9.201316100887261,1.0
mixture_p10_cv10,21.5,2.410785455619668,336.15776171619893,12.620869903984845,769.8808269089575,8.696277239912002,1.0
mixture_p10_cv10,22.0,2.2729557009649914,350.49925229289585,12.462360480681875,794.1118965761053,8.24021544095608,1.0
mixture_p10_cv10,22.5,2.1463996093220667,364.8550026254828,12.318110813268698,818.738215157165,7.81356523609686,1.0
mixture_p10_cv10,23.0,2.0298589655399795,379.22308151853235,12.186189706318244,843.7143114159006,7.42046623697069,1.0
mixture_p10_cv10,23.5,1.9221366843023158,393.60208574040877,12.065193928194617,868.9986598662763,7.0435796313745325,1.0
mixture_p10_cv10,24.0,1.822303484164027,407.9899502617943,11.953058449580295,894.5551219476699,6.706840767270931,1.0
mixture_p10_cv10,24.5,1.7295280780893236,422.38590169309305,11.849009880878997,920.3556654906239,6.39413238970502,1.0
mixture_p10_cv10,25.0,1.6431064527581027,436.7895407434888,11.752648931274718,946.3775729322701,6.112069953879874,1.0
mixture_p10_cv10,25.5,1.5624996627495784,451.2005629743572,11.66367116214313,972.603458155488,5.85060501488397,1.0
mixture_p10_cv10,26.0,1.4872003884322829,465.6176780178341,11.58078620562001,999.0129400998766,5.593635443022585,1.0
pareto_a35,8.0,29.177359220320433,0.28208032135920935,68.20782787579155,1012.3005930039146,52.51046918577428,1.0
pareto_a35,8.5,22.54562361215687,1.002255787827448,54.428003342259785,787.2292266248804,45.54805288643876,1.0
pareto_a35,9.0,16.661318940448805,2.880942290172001,41.80668984460435,589.214832483017,38.8177231871022,1.0
pareto_a35,9.5,11.926764803823014,7.05487827735816,31.480625831790505,434.8739523329878,32.448978944987054,1.0
pareto_a35,10.0,8.481852348437881,14.204092634077286,24.129840188509636,331.12343609831026,26.609148614791216,1.0
pareto_a35,10.5,6.133127701952984,23.990508218044738,19.416255772477083,270.8073590396331,21.156266712756054,1.0
pareto_a35,11.0,4.568845753393359,35.59631587148909,16.52206342592144,241.30213119662184,16.573085258849954,1.0
pareto_a35,11.5,3.5183964232354175,48.3219486835008,14.747696237933145,231.69118253993042,12.941840902119832,1.0
pareto_a35,12.0,2.793191515787051,61.679988679738884,13.605736234171232,234.36719530143176,10.21449504117631,1.0
pareto_a35,12.5,2.2746783280620764,75.41406737632619,12.839814930758545,244.74811445603177,8.279614776063084,1.0
pareto_a35,13.0,1.8913098537212487,89.37708296767406,12.302830522106406,260.0991225911984,6.875612368003841,1.0
pareto_a35,13.5,1.5994896320137122,103.4838388546304,11.90958640906273,278.7715394877976,5.825611167796841,1.0
pareto_a35,14.0,1.3719402739547888,117.68735151996745,11.613099074399793,299.75910940737816,5.002434879606981,1.0
pareto_a35,14.5,1.190751042915232,131.95703360828995,11.382781162722306,322.4021608294815,4.353860644981001,1.0
pareto_a35,15.0,1.0439969217433616,146.27441466473297,11.200162219165305,346.26906142009744,3.8328867189725497,1.0
pareto_a35,15.5,0.9232513056396477,160.62654455173032,11.052292106162682,371.0552124849755,3.4033585917948153,1.0
pareto_a35,16.0,0.8225780782046034,175.0042805094328,10.93002806386513,396.5459594927339,3.0410440062086086,1.0
pareto_a35,16.5,0.737652941620813,189.4020745300361,10.827822084468433,422.5893814776335,2.7491921562478274,1.0
pareto_a35,17.0,0.6652713819933543,203.81615244347716,10.74189999790948,449.0742463425738,2.4924224483579747,1.0
pareto_a35,17.5,0.6029918337697988,218.24316754251703,10.668915096949378,475.9139202920268,2.27666755837777,1.0
pareto_a35,18.0,0.5490647971086777,232.68076312569082,10.606510680123163,503.04649152488827,2.08596189004019,1.0
pareto_a35,18.5,0.502025833018552,247.12665138632408,10.55239894075641,530.4188756447176,1.9204064222750228,1.0
pareto_a35,19.0,0.4608256757571095,261.57989095362586,10.50563850805817,557.9958291960813,1.7714583151346908,1.0
pareto_a35,19.5,0.42448576160962315,276.0392816489783,10.46502920341058,585.7431945530664,1.6434847154394163,1.0
pareto_a35,20.0,0.3922064577571771,290.50383079166784,10.42957834610024,613.6330120082516,1.521634019440302,1.0
pareto_a35,20.5,0.3634247888514991,304.97253251643895,10.398280070871344,641.6443688401656,1.4089400237007605,1.0
pareto_a35,21.0,0.3376226426186844,319.44471832130137,10.370465875733718,669.7590476726308,1.3078845038942557,1.0
pareto_a35,21.5,0.31442735634745533,333.9196853093546,10.345432863786865,697.9630570367065,1.2214136034178142,1.0
pareto_a35,22.0,0.293500116128673,348.39701845265756,10.322766007089868,726.2445724033548,1.147339424259984,1.0
pareto_a35,22.5,0.27455814541178597,362.87669811039376,10.302445664826033,754.5950319127929,1.0814660184792582,1.0
pareto_a35,23.0,0.25730689939247825,377.3581813210717,10.283928875503996,783.0034273749254,1.0196022529507773,1.0
pareto_a35,23.5,0.24154186018967794,391.84120610610904,10.266953660541349,811.462575338991,0.9606905532557669,1.0
pareto_a35,24.0,0.22716376225043292,406.32579633895153,10.251543893383829,839.9695933321835,0.906780804313355,1.0
pareto_a35,24.5,0.2140083622083141,420.8118510611812,10.237598615613548,868.5191502198389,0.8496179269815775,1.0
pareto_a35,25.0,0.20192296524749115,435.299000348469,10.224747902901381,897.1051854601656,0.7957696082538388,1.0
pareto_a35,25.5,0.19077878555858482,449.7872310125702,10.21297856700257,925.7237827259032,0.7449335401020413,1.0
pareto_a35,26.0,0.18049890742523805,464.2763160409011,10.202063595333431,954.3717264952262,0.6960874708708806,1.0
