spec,policy,E_cost,regret_abs,regret_rel,complexity,E_W_mean,E_idle,E_overtime
gamma_cv05,fixed_mean,440.86998987015113,183.52428782027556,0.7131430070851044,1,11.543067793961821,18.712305254248783,28.57667277139943
gamma_cv05,fixed_conservative,260.23485625115427,2.8891542012787,0.011226743552603648,1,2.7482172995478065,75.76490055760469,13.12926807475535
gamma_cv05,quantile,342.9431305806702,85.59742853079462,0.3326165070913257,2,0.9149589520785071,146.79565625852442,10.951524750633082
gamma_cv05,opt_uniform,259.0471978231611,1.7014957732855578,0.006611712415371114,3,3.14364272416232,68.71020542224758,13.658752626898158
gamma_cv05,opt_nonuniform,257.3673942547708,0.02169220489520285,8.429208151686456e-05,4,3.1715838870890116,67.80557499415019,13.304363826900012
gamma_cv05,tail_aware,276.1686894068862,18.822987357010618,0.07314280832000286,4,1.8702844497151088,97.99409789606416,12.035980061652285
gamma_cv05,dro,259.1147153924461,1.7690133425705312,0.006874073778887836,5,3.2239768816683627,67.42789894577348,13.769805525424129
gamma_cv05,oracle,257.34570204987557,0.0,0.0,6,3.1804947725944994,67.66929322634813,13.296136209672172
gamma_cv10,fixed_mean,846.8140201219298,334.6225341290327,0.6533152996097892,1,22.658945632421467,36.769038139185334,46.7537874354576
gamma_cv10,fixed_conservative,560.8147541996719,48.62326820677481,0.0949318165890971,1,11.195017627077837,87.49868169869806,24.983430994970348
gamma_cv10,quantile,634.6972816918425,122.50579569894535,0.23917967996181064,2,2.8161276031536677,262.03102857092085,13.075698227695446
gamma_cv10,opt_uniform,516.6236741675758,4.432188174678686,0.008653381198023564,3,6.98496375140108,135.10655257465598,18.430828238115748
gamma_cv10,opt_nonuniform,512.1584339577701,-0.03305203512707067,-6.45306219079343e-05,4,6.99617620075489,133.51548320687502,17.621090760686656
gamma_cv10,tail_aware,577.9006964703282,65.70921047743104,0.12829032163635432,4,3.6770671045768615,219.70075565777574,14.09358600873548
gamma_cv10,dro,517.1075792406622,4.916093247765048,0.009598154952214926,5,7.315481231269086,129.9162624900113,18.90530866128352
gamma_cv10,oracle,512.1914859928971,0.0,0.0,6,6.940532777499849,134.2353840408202,17.752367293130654
gamma_cv15,fixed_mean,1228.6634410071883,453.99901547849197,0.5860589443856864,1,33.087272120992466,53.9998307200328,64.02280796867446
gamma_cv15,fixed_conservative,917.7086993692642,143.04427384056783,0.18465321128299178,1,21.05943587296707,102.71991717074215,40.24289441938382
gamma_cv15,quantile,869.8036765821053,95.13925105340888,0.12281350210251081,2,6.30621359877912,323.25682026145654,17.051814047909275
gamma_cv15,opt_uniform,783.9236318326145,9.259206303918177,0.011952538413776925,3,11.345966313007745,197.89338536518096,23.878935856010127
gamma_cv15,opt_nonuniform,774.8239223736897,0.1594968449933276,0.000205891531529247,4,11.192723767278425,195.82608811757143,23.695016560097002
gamma_cv15,tail_aware,895.2500088263134,120.58558329761706,0.1556617024401492,4,5.803989293990611,344.12175305701544,16.443411946282104
gamma_cv15,dro,783.9298160035344,9.265390474838,0.011960521445804763,5,10.98050841184722,203.91854388927112,23.338737934787787
gamma_cv15,oracle,774.6644255286964,0.0,0.0,6,11.437123033435142,192.25000238493755,23.525364877883447
weibull_cv10,fixed_mean,846.8140201219298,334.6225341290327,0.6533152996097892,1,22.658945632421467,36.769038139185334,46.7537874354576
weibull_cv10,fixed_conservative,560.8147541996719,48.62326820677481,0.0949318165890971,1,11.195017627077837,87.49868169869806,24.983430994970348
weibull_cv10,quantile,634.6972816918425,122.50579569894535,0.23917967996181064,2,2.8161276031536677,262.03102857092085,13.075698227695446
weibull_cv10,opt_uniform,516.6236741675758,4.432188174678686,0.008653381198023564,3,6.98496375140108,135.10655257465598,18.430828238115748
weibull_cv10,opt_nonuniform,512.1584339577701,-0.03305203512707067,-6.45306219079343e-05,4,6.99617620075489,133.51548320687502,17.621090760686656
weibull_cv10,tail_aware,577.9006964703282,65.70921047743104,0.12829032163635432,4,3.6770671045768615,219.70075565777574,14.09358600873548
weibull_cv10,dro,517.1075792406622,4.916093247765048,0.009598154952214926,5,7.315481231269086,129.9162624900113,18.90530866128352
weibull_cv10,oracle,512.1914859928971,0.0,0.0,6,6.940532777499849,134.2353840408202,17.752367293130654
lognormal_cv10,fixed_mean,798.745929470436,286.07502845834176,0.5580091007575894,1,21.301522692415947,34.92646614458507,44.92365820439376
lognormal_cv10,fixed_conservative,548.7498163063348,36.07891529424057,0.07037441606889534,1,10.818811174019151,87.29777424153572,24.794966301344413
lognormal_cv10,quantile,567.6624749844233,54.99157397232909,0.10726486302180785,2,4.407269131871732,202.62347334384467,15.098727170291069
lognormal_cv10,opt_uniform,518.4425610199938,5.771660007899641,0.011258021464657859,3,7.51498415698382,127.0525439070905,19.443974248149175
lognormal_cv10,opt_nonuniform,512.6560269592361,-0.014874052858090181,-2.9012867375008853e-05,4,7.4853360464020735,124.93469239662184,19.113280386965123
lognormal_cv10,tail_aware,608.7717808754736,96.10087986337942,0.18745140337331598,4,3.6312030796662618,235.79465226334207,14.123191979400854
lognormal_cv10,dro,518.4374058576083,5.766504845514078,0.011247965964383929,5,7.326501445244232,130.15984615766598,19.16133509247465
lognormal_cv10,oracle,512.6709010120942,0.0,0.0,6,7.550379714842552,124.09738149490269,18.98237328850609
lognormal_cv15,fixed_mean,1091.8891242001066,346.0332011296848,0.4639410781980386,1,29.24892284724177,48.57537910932716,58.635340282099534
lognormal_cv15,fixed_conservative,834.2429929637331,88.38706989331126,0.11850421396327235,1,18.638560989998254,99.99156022956012,37.55152140233249
lognormal_cv15,quantile,770.458563700905,24.602640630483165,0.032985781663036076,2,9.55219018521975,219.75946043729468,22.1869686348616
lognormal_cv15,opt_uniform,756.5748107136715,10.718887643249673,0.014371257654057166,3,11.918241841940722,173.653849195445,25.859928532279874
lognormal_cv15,opt_nonuniform,745.8192149765698,-0.03670809385198481,-4.921606535062527e-05,4,11.792460533899401,170.3646147112,25.658084768593895
lognormal_cv15,tail_aware,955.514063036353,209.65813996593124,0.2810973721343443,4,5.253334938004162,382.77753925095215,16.179468197161974
lognormal_cv15,dro,762.4266316722669,16.570708601845126,0.022217036949481413,5,10.273759989066853,203.8248690152416,23.28204698488899
lognormal_cv15,oracle,745.8559230704218,0.0,0.0,6,11.88242562886925,169.23717494349782,25.45440215867437
mixture_p10_cv10,fixed_mean,791.1266564886383,273.15051352836906,0.5273418809740833,1,21.057505377476318,34.87027705318541,44.83047052898908
mixture_p10_cv10,fixed_conservative,554.4623374676083,36.486194507339064,0.07043991311804045,1,10.968496585803043,87.62176323547745,25.08195671128112
mixture_p10_cv10,quantile,529.3502363989346,11.37409343866534,0.021958720673237217,2,6.627529681628016,147.2111981492686,18.05097482577844
mixture_p10_cv10,class_based,849.2355406927356,331.25939773246637,0.6395263608846851,3,20.45596054181831,97.37062283318319,20.407739385909963
mixture_p10_cv10,opt_uniform,525.3597078942979,7.383564934028641,0.014254642871833942,3,7.573536874543252,129.61011031722327,19.466690511776914
mixture_p10_cv10,opt_nonuniform,518.0514901741882,0.07534721391891708,0.0001454646414568489,4,7.616349150098375,125.64633072664212,19.13417710897639
mixture_p10_cv10,tail_aware,618.2431187294695,100.26697576920026,0.19357450556731745,4,3.78990791736761,238.02297512670842,14.24996547751217
mixture_p10_cv10,dro,525.3856970902377,7.4095541299684555,0.014304817375607966,5,7.524875711716844,130.42761125928132,19.39210161008495
mixture_p10_cv10,oracle,517.9761429602693,0.0,0.0,6,7.656717774727385,124.5124394256982,19.62486543352558
mixture_p20_cv15,fixed_mean,1179.2257071147123,408.6790559549179,0.5303754877654602,1,31.692613870954098,52.022691212099026,62.20095428094556
mixture_p20_cv15,fixed_conservative,891.9062809543675,121.35962979457304,0.15749809516647384,1,20.30073241925559,101.88194555975171,39.56020862859822
mixture_p20_cv15,quantile,812.0089826496437,41.46233148984925,0.05380898278831254,2,8.333071719287563,261.16617425792924,19.84224127757918
mixture_p20_cv15,class_based,1073.3858641826916,302.8392130228972,0.3930186609299727,3,26.717609864247684,96.44668910082066,39.48209502681009
mixture_p20_cv15,opt_uniform,781.2179290897998,10.671277930005317,0.01384897061578732,3,11.757298865852906,189.3867811191299,24.86270043797646
mixture_p20_cv15,opt_nonuniform,770.6543545253966,0.1077033656021058,0.00013977526920660186,4,11.74288705678825,184.77952887635973,24.404342534514708
mixture_p20_cv15,tail_aware,924.382505716933,153.83585455713853,0.19964508875042317,4,5.631052816196089,361.43399916396424,16.291461451560814
mixture_p20_cv15,dro,782.0899975528852,11.543346393090701,0.014980723588527886,5,10.90115910311337,203.97606618201024,23.551546047731772
mixture_p20_cv15,oracle,770.5466511597945,0.0,0.0,6,11.656290905608785,185.9194384038829,24.50952359188262
pareto_a25,fixed_mean,522.2741777513606,140.32211509308053,0.3673814826826111,1,13.666917548694125,23.117854532107653,33.01547111316082
pareto_a25,fixed_conservative,387.4030591208635,5.450996462583362,0.014271415173532361,1,6.229723602778767,81.42902946884854,18.826646049901694
pareto_a25,quantile,388.645299389943,6.693236731662864,0.017523761188982193,2,5.799247413128757,89.22038087722048,18.113557620819652
pareto_a25,opt_uniform,387.42180541512585,5.469742756845733,0.014320495401380594,3,6.353663377704056,79.37135523047446,19.034596811527628
pareto_a25,opt_nonuniform,381.9124025344762,-0.039660123803912484,-0.00010383534396408035,4,6.286474410193312,77.87028928428143,18.788795830057
pareto_a25,tail_aware,537.8469585976131,155.89489593933303,0.40815304112863776,4,2.6195168113972294,216.31198984371,13.318737284138162
pareto_a25,dro,414.94714082244053,32.99507816416042,0.08638539070721035,5,4.320919637845784,126.87893119374016,15.780844649793307
pareto_a25,oracle,381.9520626582801,0.0,0.0,6,6.205537548412192,79.08055099863095,18.812417104326222
pareto_a35,fixed_mean,330.9771388034238,102.97346618388389,0.4516307347193979,1,8.485833546750895,14.12345320204087,24.077612998407616
pareto_a35,fixed_conservative,244.1182995584739,16.114626938933952,0.07067704986412103,1,2.2604865219783394,75.34884607659754,12.803005872964292
pareto_a35,quantile,238.50847914924594,10.504806529706002,0.04607297070707684,2,2.4811381682624036,68.91794692130811,13.119220129378792
pareto_a35,opt_uniform,230.79024063507106,2.7865680155311168,0.012221592676627382,3,3.3617836491796846,50.51098472767424,14.45738085216601
pareto_a35,opt_nonuniform,227.9792132516138,-0.02445936792614134,-0.00010727620149766468,4,3.3443274826627114,49.55641897753985,14.268275408326376
pareto_a35,tail_aware,290.3002173986052,62.29654477906524,0.27322605843729914,4,1.4494898596059533,111.70360714504832,11.704153660165037
pareto_a35,dro,306.97517530049186,78.97150268095191,0.34636066065799,5,1.2954738149491887,122.54851187732066,11.506968548687398
pareto_a35,oracle,228.00367261953994,0.0,0.0,6,3.293215282228929,50.32434166061759,14.279265415718465
