policy,mean,median,q90,max,within_1pct,within_5pct,within_10pct
class_based,0.5162725109073288,0.5162725109073288,0.6148755908892138,0.6395263608846851,0.0,0.0,0.0
dro,0.053352750037232353,0.0131326694107063,0.11238291770228817,0.34636066065799,0.3,0.8,0.9
fixed_conservative,0.08875086913681247,0.08280443322660905,0.1602136067781256,0.1846532112829917,0.0,0.2,0.7
fixed_mean,0.550451231578755,0.5441922942615247,0.6592980703573207,0.7131430070851044,0.0,0.0,0.0
opt_nonuniform,1.5702180170636182e-05,-3.911446636281706e-05,0.00015150733046403997,0.0002058915315292,1.0,1.0,1.0
opt_uniform,0.01161459939095389,0.0120870655452021,0.014325571626648161,0.0143712576540571,0.3,1.0,1.0
oracle,0.0,0.0,0.0,0.0,1.0,1.0,1.0
quantile,0.12134044491599101,0.08053692290506015,0.24852336267476208,0.3326165070913257,0.0,0.4,0.5
tail_aware,0.20285326234241982,0.19051295447031663,0.29380293903377364,0.4081530411286377,0.0,0.0,0.1
