spec,c_w,c_i,c_o,policy,E_cost,regret_abs,regret_rel
gamma_cv05,1,1,1,fixed_mean,395.6223615445557,229.9520020614753,1.388009314273021
gamma_cv05,1,1,1,opt_uniform,166.0340466441113,0.3636871610308958,0.0021952458011539385
gamma_cv05,1,1,1,tail_aware,177.3273379720164,11.656978488936005,0.07036248684017922
gamma_cv05,1,1,1,oracle,165.6703594830804,0.0,0.0
gamma_cv05,1,2,2,fixed_mean,442.9057175093815,185.47985799824528,0.7205175826176914
gamma_cv05,1,2,2,opt_uniform,259.0219160942001,1.5960565830638984,0.0062000631408782505
gamma_cv05,1,2,2,tail_aware,276.0382513252061,18.612391814069895,0.07230195074191731
gamma_cv05,1,2,2,oracle,257.4258595111362,0.0,0.0
gamma_cv05,1,4,4,fixed_mean,537.472429439033,140.3632114132967,0.35346248599094443
gamma_cv05,1,4,4,opt_uniform,403.7817383893496,6.672520363613273,0.01680273350688332
gamma_cv05,1,4,4,tail_aware,427.32593038691067,30.21671236117436,0.07609169213295884
gamma_cv05,1,4,4,oracle,397.1092180257363,0.0,0.0
gamma_cv05,2,1,1,fixed_mean,743.9613671242855,533.7072360565066,2.5383911999543898
gamma_cv05,2,1,1,opt_uniform,210.4025942652072,0.1484631974283559,0.0007061131054804168
gamma_cv05,2,1,1,tail_aware,224.6310394706939,14.376908402915063,0.0683787202177751
gamma_cv05,2,1,1,oracle,210.25413106777884,0.0,0.0
gamma_cv05,1,2,6,fixed_mean,557.5502446889893,249.75270888749054,0.8114188056676261
gamma_cv05,1,2,6,opt_uniform,312.83431969899124,5.036783897492455,0.016363951336961707
gamma_cv05,1,2,6,tail_aware,326.8260800499886,19.028544248489823,0.06182162634583758
gamma_cv05,1,2,6,oracle,307.7975358014988,0.0,0.0
gamma_cv10,1,1,1,fixed_mean,768.2326774199629,427.83151908902033,1.2568450741671002
gamma_cv10,1,1,1,opt_uniform,341.6131700974583,1.2120117665157295,0.003560539489520172
gamma_cv10,1,1,1,tail_aware,383.0857187003843,42.684560369441726,0.1253948740325473
gamma_cv10,1,1,1,oracle,340.40115833094256,0.0,0.0
gamma_cv10,1,2,2,fixed_mean,852.0010795580341,338.1305601212922,0.6580073137721933
gamma_cv10,1,2,2,opt_uniform,518.298044951074,4.427525514332046,0.008616033313576923
gamma_cv10,1,2,2,tail_aware,578.5576779718401,64.6871585350982,0.12588221368682986
gamma_cv10,1,2,2,oracle,513.8705194367419,0.0,0.0
gamma_cv10,1,4,4,fixed_mean,1019.5378838341767,249.30510488697485,0.3236750131924265
gamma_cv10,1,4,4,opt_uniform,786.2690500815953,16.036271134393473,0.020820032037993454
gamma_cv10,1,4,4,tail_aware,866.6825330985546,96.44975415135275,0.1252215652042046
gamma_cv10,1,4,4,oracle,770.2327789472018,0.0,0.0
gamma_cv10,2,1,1,fixed_mean,1452.6969527018543,1007.8714548950667,2.2657681717086304
gamma_cv10,2,1,1,opt_uniform,445.4303734539254,0.6048756471377601,0.0013598043505152015
gamma_cv10,2,1,1,tail_aware,495.55208815479523,50.72659034800756,0.11403705632459255
gamma_cv10,2,1,1,oracle,444.82549780678767,0.0,0.0
gamma_cv10,1,2,6,fixed_mean,1040.1260867356416,461.5362975450196,0.797691743213536
gamma_cv10,1,2,6,opt_uniform,589.7146167805927,11.124827589970664,0.019227486896256793
gamma_cv10,1,2,6,tail_aware,642.0733603207244,63.483571130102405,0.10972120890503155
gamma_cv10,1,2,6,oracle,578.589789190622,0.0,0.0
lognormal_cv15,1,1,1,fixed_mean,985.1364316679828,469.0224204229103,0.9087573873288992
lognormal_cv15,1,1,1,opt_uniform,520.8820777772598,4.768066532187277,0.009238397773167989
lognormal_cv15,1,1,1,tail_aware,659.3080922121972,143.1940809671246,0.27744660646139685
lognormal_cv15,1,1,1,oracle,516.1140112450726,0.0,0.0
lognormal_cv15,1,2,2,fixed_mean,1092.3060849319615,347.38866964060037,0.46634521157587044
lognormal_cv15,1,2,2,opt_uniform,755.54575901364,10.628343722278828,0.014267814799472422
lognormal_cv15,1,2,2,tail_aware,954.0675436635383,209.15012837217716,0.28076955119967467
lognormal_cv15,1,2,2,oracle,744.9174152913612,0.0,0.0
lognormal_cv15,1,4,4,fixed_mean,1306.6453914599185,234.20399687501936,0.21838395837533922
lognormal_cv15,1,4,4,opt_uniform,1099.36544615608,26.924051571180826,0.02510538264107391
lognormal_cv15,1,4,4,tail_aware,1372.58662555893,300.14523097403094,0.2798709864143258
lognormal_cv15,1,4,4,oracle,1072.4413945848992,0.0,0.0
lognormal_cv15,2,1,1,fixed_mean,1863.1032100719872,1154.844595057114,1.6305408371670325
lognormal_cv15,2,1,1,opt_uniform,712.4545638636677,4.195948848794615,0.005924317417171836
lognormal_cv15,2,1,1,tail_aware,912.7615705209922,204.50295550611918,0.2887405125341465
lognormal_cv15,2,1,1,oracle,708.258615014873,0.0,0.0
lognormal_cv15,1,2,6,fixed_mean,1327.1601181315095,491.4145507031558,0.5879954017767297
lognormal_cv15,1,2,6,opt_uniform,853.9138542713896,18.168286843035844,0.02173901669492655
lognormal_cv15,1,2,6,tail_aware,1041.2890145985893,205.5434471702356,0.2459402181488163
lognormal_cv15,1,2,6,oracle,835.7455674283538,0.0,0.0
mixture_p10_cv10,1,1,1,fixed_mean,712.8372934882534,359.3833747107775,1.0167757538346451
mixture_p10_cv10,1,1,1,opt_uniform,356.2822072610288,2.8282884835529103,0.008001859176821058
mixture_p10_cv10,1,1,1,tail_aware,415.79144935106655,62.33753057359064,0.1763667829435964
mixture_p10_cv10,1,1,1,oracle,353.4539187774759,0.0,0.0
mixture_p10_cv10,1,2,2,fixed_mean,792.7895778900339,272.8099488949458,0.5246550704730067
mixture_p10_cv10,1,2,2,opt_uniform,527.1532764800903,7.1736474850022205,0.013796016391769042
mixture_p10_cv10,1,2,2,tail_aware,619.374801482844,99.39517248775587,0.19115205085985165
mixture_p10_cv10,1,2,2,oracle,519.9796289950881,0.0,0.0
mixture_p10_cv10,1,4,4,fixed_mean,952.6941466935949,189.2967587467973,0.24796621227107174
mixture_p10_cv10,1,4,4,opt_uniform,782.183955249792,18.7865673029944,0.02460915847972965
mixture_p10_cv10,1,4,4,tail_aware,911.7115554494085,148.31416750261087,0.19428173300606988
mixture_p10_cv10,1,4,4,oracle,763.3973879467976,0.0,0.0
mixture_p10_cv10,2,1,1,fixed_mean,1345.7223025747264,869.1476595173045,1.8237387829561507
mixture_p10_cv10,2,1,1,opt_uniform,478.4114168715954,1.8367738141735117,0.0038541157003021687
mixture_p10_cv10,2,1,1,tail_aware,555.3165605031121,78.7419174456902,0.16522473151430905
mixture_p10_cv10,2,1,1,oracle,476.5746430574219,0.0,0.0
mixture_p10_cv10,1,2,6,fixed_mean,972.4050873508656,381.73348013999487,0.6462702379457954
mixture_p10_cv10,1,2,6,opt_uniform,603.3972138354458,12.725606624574993,0.02154430053725594
mixture_p10_cv10,1,2,6,tail_aware,680.7853569723018,90.113749761431,0.15256150568493507
mixture_p10_cv10,1,2,6,oracle,590.6716072108708,0.0,0.0
pareto_a35,1,1,1,fixed_mean,295.2066497862278,139.70606886881959,0.8984279547034127
pareto_a35,1,1,1,opt_uniform,156.67631767403455,1.1757367566263497,0.007560979834865212
pareto_a35,1,1,1,tail_aware,198.37603025045607,42.87544933304787,0.2757253322148071
pareto_a35,1,1,1,oracle,155.5005809174082,0.0,0.0
pareto_a35,1,2,2,fixed_mean,333.5555525148414,104.36519447674831,0.45536468187462786
pareto_a35,1,2,2,opt_uniform,232.0100018266894,2.8196437885963235,0.012302628316186314
pareto_a35,1,2,2,tail_aware,290.54056139326485,61.35020335517177,0.2676823051385736
pareto_a35,1,2,2,oracle,229.19035803809308,0.0,0.0
pareto_a35,1,4,4,fixed_mean,410.2533579720685,71.0999291248358,0.20963942297886023
pareto_a35,1,4,4,opt_uniform,346.5607497819995,7.407320934766801,0.021840619332506684
pareto_a35,1,4,4,tail_aware,427.9735690935966,88.8201402463639,0.26188778497171494
pareto_a35,1,4,4,oracle,339.1534288472327,0.0,0.0
pareto_a35,2,1,1,fixed_mean,552.064396843842,341.98773206931287,1.6279187049944892
pareto_a35,2,1,1,opt_uniform,211.07447674126485,0.9978119667357248,0.00474975156239583
pareto_a35,2,1,1,tail_aware,270.1006596011461,60.023994826616985,0.2857242373446831
pareto_a35,2,1,1,oracle,210.07666477452912,0.0,0.0
pareto_a35,1,2,6,fixed_mean,430.5396498766077,146.7708583222672,0.5172198729759231
pareto_a35,1,2,6,opt_uniform,288.74965722492715,4.980865670586638,0.01755254918380559
pareto_a35,1,2,6,tail_aware,346.24324901798167,62.47445746364116,0.2201597191905353
pareto_a35,1,2,6,oracle,283.7687915543405,0.0,0.0
