c_w,c_i,c_o,policy,mean,max
1,1,1,fixed_mean,1.0937630968614156,1.388009314273021
1,1,1,opt_uniform,0.00611140441510562,0.0092383977731679
1,1,1,oracle,0.0,0.0
1,1,1,tail_aware,0.18505921649850537,0.2774466064613968
1,2,2,fixed_mean,0.564977972062678,0.7205175826176914
1,2,2,opt_uniform,0.011036511192376561,0.0142678147994724
1,2,2,oracle,0.0,0.0
1,2,2,tail_aware,0.18755761432536938,0.2807695511996746
1,2,6,fixed_mean,0.6721192123159221,0.8114188056676261
1,2,6,opt_uniform,0.019285460929841257,0.0217390166949265
1,2,6,oracle,0.0,0.0
1,2,6,tail_aware,0.15804085565503112,0.2459402181488163
1,4,4,fixed_mean,0.2706254185617284,0.3534624859909444
1,4,4,opt_uniform,0.02183558519963736,0.0251053826410739
1,4,4,oracle,0.0,0.0
1,4,4,tail_aware,0.18747075234585478,0.2798709864143258
2,1,1,fixed_mean,1.9772715393561384,2.5383911999543898
2,1,1,opt_uniform,0.00331882042717306,0.0059243174171718
2,1,1,oracle,0.0,0.0
2,1,1,tail_aware,0.18442105158710126,0.2887405125341465
