spec,K,C_K_saa,C_K_eval,C0_eval,gap_vs_full,frac_gain_captured
gamma_cv10,1,519.0011724720406,518.9865720356586,518.9865720356586,6.760435741810625,0.0
gamma_cv10,2,518.587158699731,518.3418786252478,518.9865720356586,6.115742331399815,0.09536270072410202
gamma_cv10,3,517.7163739571172,517.0668181244213,518.9865720356586,4.840681830573317,0.28396896066393895
gamma_cv10,4,516.97624852402,516.1135525974582,518.9865720356586,3.88741630361028,0.42497548204353963
gamma_cv10,6,515.0651631704965,514.3927533520432,518.9865720356586,2.166617058195243,0.6795151761009173
gamma_cv10,10,513.6468762852993,512.8622986320266,518.9865720356586,0.6361623381786785,0.905899210868278
gamma_cv10,15,512.8164165317703,512.2991947846436,518.9865720356586,0.07305849079568816,0.9891932275394838
gamma_cv10,29,512.6105887376401,512.226136293848,518.9865720356586,0.0,1.0
lognormal_cv10,1,526.159699637198,517.1158334111332,517.1158334111332,7.533422896493448,0.0
lognormal_cv10,2,525.4581520809483,516.4217668064264,517.1158334111332,6.8393562917866575,0.09213163979282979
lognormal_cv10,3,523.39226242632,514.4443460807032,517.1158334111332,4.861935566063494,0.3546179959807435
lognormal_cv10,4,522.5802133303174,513.4545298253212,517.1158334111332,3.8721193106814553,0.4860079722215256
lognormal_cv10,6,520.6658173624073,511.4911625255344,517.1158334111332,1.9087520108946592,0.7466288515698332
lognormal_cv10,10,518.8279286535353,509.9285357039622,517.1158334111332,0.3461251893224926,0.9540547246479947
lognormal_cv10,15,518.2444218985186,509.5985714542728,517.1158334111332,0.01616093963309595,0.9978547680310609
lognormal_cv10,29,518.1217014855525,509.5824105146397,517.1158334111332,0.0,1.0
mixture_p10_cv10,1,527.5051926820726,528.3345434412328,528.3345434412328,8.628959555018582,0.0
mixture_p10_cv10,2,526.4569637563746,527.5407737967465,528.3345434412328,7.8351899105323355,0.09198903291006766
mixture_p10_cv10,3,523.7310307187136,524.781340654271,528.3345434412328,5.075756768056863,0.41177650263700505
mixture_p10_cv10,4,522.174934525272,523.3339740173462,528.3345434412328,3.6283901311320506,0.5795101242510996
mixture_p10_cv10,6,519.4272818489354,521.1275779535008,528.3345434412328,1.4219940672866187,0.8352067757161302
mixture_p10_cv10,10,517.999241690896,519.9776696921932,528.3345434412328,0.27208580597903165,0.9684682951352128
mixture_p10_cv10,15,517.6226235807663,519.5711668697546,528.3345434412328,-0.13441701645956527,1.0155774303498026
mixture_p10_cv10,29,517.4224566020752,519.7055838862142,528.3345434412328,0.0,1.0
pareto_a25,1,386.15115646316644,391.29961549304153,391.29961549304153,6.682294396611724,0.0
pareto_a25,2,385.7107042612538,390.65206915306925,391.29961549304153,6.034748056639444,0.09690479071090019
pareto_a25,3,383.98503390798703,388.2831684479218,391.29961549304153,3.6658473514920047,0.45140888235172894
pareto_a25,4,383.1730000212668,387.2082570445376,391.29961549304153,2.5909359481078127,0.6122685122311351
pareto_a25,6,381.7107267435357,385.6853207545345,391.29961549304153,1.067999658104668,0.8401747072612963
pareto_a25,10,380.9057766660802,384.8113048611503,391.29961549304153,0.1939837647204854,0.9709704851048099
pareto_a25,15,380.52592489182996,384.6195774933802,391.29961549304153,0.0022563969503721637,0.9996623320050795
pareto_a25,29,380.4416779597912,384.6173210964298,391.29961549304153,0.0,1.0
