spec,i,x_star,x_uniform,dev
gamma_cv10,1,6.463901075036789,14.417871093750001,-7.953970018713212
gamma_cv10,2,13.325765357363775,14.417871093750001,-1.0921057363862268
gamma_cv10,3,13.565384682249,14.417871093750001,-0.8524864115010011
gamma_cv10,4,13.899663575899238,14.417871093750001,-0.5182075178507635
gamma_cv10,5,14.702527163345911,14.417871093750001,0.2846560695959095
gamma_cv10,6,15.140537478315888,14.417871093750001,0.7226663845658869
gamma_cv10,7,14.848164771378858,14.417871093750001,0.43029367762885684
gamma_cv10,8,14.201721779220644,14.417871093750001,-0.21614931452935693
gamma_cv10,9,15.041232223488757,14.417871093750001,0.6233611297387558
gamma_cv10,10,14.728212700207182,14.417871093750001,0.3103416064571807
gamma_cv10,11,14.793257587517232,14.417871093750001,0.37538649376723043
gamma_cv10,12,14.821077092180133,14.417871093750001,0.4032059984301313
gamma_cv10,13,14.301321399407891,14.417871093750001,-0.11654969434211004
gamma_cv10,14,15.241906255318426,14.417871093750001,0.8240351615684247
gamma_cv10,15,14.151751675934957,14.417871093750001,-0.26611941781504456
gamma_cv10,16,15.126879774921631,14.417871093750001,0.7090086811716301
gamma_cv10,17,14.870019309946933,14.417871093750001,0.4521482161969317
gamma_cv10,18,14.406080966520427,14.417871093750001,-0.011790127229573955
gamma_cv10,19,14.670488709966763,14.417871093750001,0.25261761621676193
gamma_cv10,20,15.004142962010098,14.417871093750001,0.5862718682600967
gamma_cv10,21,14.470056019061959,14.417871093750001,0.052184925311957286
gamma_cv10,22,14.05799004891853,14.417871093750001,-0.35988104483147154
gamma_cv10,23,14.403703346663626,14.417871093750001,-0.01416774708637547
gamma_cv10,24,14.896180541776296,14.417871093750001,0.4783094480262946
gamma_cv10,25,13.813260250288321,14.417871093750001,-0.6046108434616801
gamma_cv10,26,13.841526093791131,14.417871093750001,-0.5763449999588701
gamma_cv10,27,14.58257245824354,14.417871093750001,0.16470136449353845
gamma_cv10,28,13.573257278499844,14.417871093750001,-0.8446138152501579
gamma_cv10,29,17.417045896264373,14.417871093750001,2.9991748025143714
lognormal_cv10,1,6.751355095945193,14.274853515625,-7.523498419679807
lognormal_cv10,2,11.881581779946824,14.274853515625,-2.3932717356781765
lognormal_cv10,3,13.157814208177836,14.274853515625,-1.1170393074471647
lognormal_cv10,4,14.17125614342977,14.274853515625,-0.10359737219522991
lognormal_cv10,5,13.518732925409209,14.274853515625,-0.7561205902157919
lognormal_cv10,6,15.289906923912259,14.274853515625,1.0150534082872582
lognormal_cv10,7,14.617028142349437,14.274853515625,0.3421746267244359
lognormal_cv10,8,14.25703038105216,14.274853515625,-0.017823134572839905
lognormal_cv10,9,13.94842696566301,14.274853515625,-0.3264265499619903
lognormal_cv10,10,14.804036577447324,14.274853515625,0.529183061822323
lognormal_cv10,11,14.825820040279112,14.274853515625,0.5509665246541111
lognormal_cv10,12,15.475382324159046,14.274853515625,1.2005288085340453
lognormal_cv10,13,14.288552029131427,14.274853515625,0.01369851350642648
lognormal_cv10,14,14.349792457797493,14.274853515625,0.07493894217249242
lognormal_cv10,15,15.75040670001642,14.274853515625,1.4755531843914191
lognormal_cv10,16,14.927147586948097,14.274853515625,0.6522940713230962
lognormal_cv10,17,14.280278639150742,14.274853515625,0.0054251235257414265
lognormal_cv10,18,14.951917691736503,14.274853515625,0.6770641761115019
lognormal_cv10,19,14.350944465516879,14.274853515625,0.07609094989187781
lognormal_cv10,20,14.88769549174774,14.274853515625,0.6128419761227395
lognormal_cv10,21,14.72001830107856,14.274853515625,0.4451647854535601
lognormal_cv10,22,14.68921313345454,14.274853515625,0.4143596178295397
lognormal_cv10,23,13.435569764522807,14.274853515625,-0.8392837511021938
lognormal_cv10,24,14.464687520208573,14.274853515625,0.18983400458357202
lognormal_cv10,25,14.377904128422692,14.274853515625,0.10305061279769134
lognormal_cv10,26,13.868176812499842,14.274853515625,-0.406676703125159
lognormal_cv10,27,13.773237913821765,14.274853515625,-0.5016156018032358
lognormal_cv10,28,13.960580738737228,14.274853515625,-0.31427277688777266
lognormal_cv10,29,15.68690944788386,14.274853515625,1.412055932258859
mixture_p10_cv10,1,7.0042970524646835,14.08955078125,-7.085253728785317
mixture_p10_cv10,2,10.612956862593585,14.08955078125,-3.476593918656416
mixture_p10_cv10,3,12.390407531493196,14.08955078125,-1.6991432497568049
mixture_p10_cv10,4,13.258010086350087,14.08955078125,-0.831540694899914
mixture_p10_cv10,5,13.972281665927806,14.08955078125,-0.11726911532219475
mixture_p10_cv10,6,14.838352091021855,14.08955078125,0.7488013097718547
mixture_p10_cv10,7,13.277436408146835,14.08955078125,-0.8121143731031655
mixture_p10_cv10,8,14.73498466125255,14.08955078125,0.6454338800025496
mixture_p10_cv10,9,15.990533926076354,14.08955078125,1.9009831448263537
mixture_p10_cv10,10,14.47647657056946,14.08955078125,0.3869257893194593
mixture_p10_cv10,11,13.708438498377214,14.08955078125,-0.3811122828727864
mixture_p10_cv10,12,13.831742286180614,14.08955078125,-0.2578084950693871
mixture_p10_cv10,13,15.99715018119743,14.08955078125,1.9075993999474292
mixture_p10_cv10,14,14.364244363810377,14.08955078125,0.274693582560376
mixture_p10_cv10,15,14.78368355470942,14.08955078125,0.6941327734594189
mixture_p10_cv10,16,14.33038359788885,14.08955078125,0.24083281663885003
mixture_p10_cv10,17,14.800437763059044,14.08955078125,0.7108869818090433
mixture_p10_cv10,18,15.17503689620235,14.08955078125,1.0854861149523494
mixture_p10_cv10,19,14.939663690409727,14.08955078125,0.8501129091597264
mixture_p10_cv10,20,14.051242089998047,14.08955078125,-0.03830869125195413
mixture_p10_cv10,21,15.037736576450431,14.08955078125,0.9481857952004304
mixture_p10_cv10,22,13.627768988184373,14.08955078125,-0.4617817930656276
mixture_p10_cv10,23,13.96109819872537,14.08955078125,-0.12845258252463054
mixture_p10_cv10,24,15.065280464022697,14.08955078125,0.9757296827726964
mixture_p10_cv10,25,14.229051085003007,14.08955078125,0.1395003037530067
mixture_p10_cv10,26,13.994460380107185,14.08955078125,-0.09509040114281575
mixture_p10_cv10,27,13.42226814305654,14.08955078125,-0.6672826381934609
mixture_p10_cv10,28,12.800437957319067,14.08955078125,-1.2891128239309335
mixture_p10_cv10,29,14.773260966251964,14.08955078125,0.6837101850019636
pareto_a25,1,7.805862518780824,12.4737548828125,-4.667892364031676
pareto_a25,2,10.87435151259836,12.4737548828125,-1.5994033702141408
pareto_a25,3,11.39813258757469,12.4737548828125,-1.0756222952378103
pareto_a25,4,11.63102732801838,12.4737548828125,-0.84272755479412
pareto_a25,5,12.390917414448905,12.4737548828125,-0.08283746836359462
pareto_a25,6,12.717962748246977,12.4737548828125,0.24420786543447726
pareto_a25,7,12.570185601281818,12.4737548828125,0.09643071846931761
pareto_a25,8,12.438879446826252,12.4737548828125,-0.03487543598624754
pareto_a25,9,13.202408758379475,12.4737548828125,0.7286538755669749
pareto_a25,10,12.602620840549315,12.4737548828125,0.12886595773681542
pareto_a25,11,13.131942686981466,12.4737548828125,0.6581878041689659
pareto_a25,12,13.23276355379954,12.4737548828125,0.7590086709870398
pareto_a25,13,12.22751623757882,12.4737548828125,-0.24623864523367978
pareto_a25,14,12.900938278882847,12.4737548828125,0.4271833960703475
pareto_a25,15,12.459656615861185,12.4737548828125,-0.014098266951314997
pareto_a25,16,13.60326176777455,12.4737548828125,1.1295068849620495
pareto_a25,17,13.563955997551716,12.4737548828125,1.0902011147392159
pareto_a25,18,12.583281692220268,12.4737548828125,0.10952680940776816
pareto_a25,19,12.906452082876847,12.4737548828125,0.43269720006434653
pareto_a25,20,13.014024367518335,12.4737548828125,0.5402694847058349
pareto_a25,21,12.453212351929167,12.4737548828125,-0.020542530883332688
pareto_a25,22,12.814041718083605,12.4737548828125,0.3402868352711046
pareto_a25,23,12.325288403668237,12.4737548828125,-0.14846647914426292
pareto_a25,24,12.568993532255593,12.4737548828125,0.09523864944309324
pareto_a25,25,12.32687814237663,12.4737548828125,-0.14687674043586973
pareto_a25,26,11.9434782702928,12.4737548828125,-0.5302766125196996
pareto_a25,27,12.031961887215461,12.4737548828125,-0.441792995597039
pareto_a25,28,11.85831363283955,12.4737548828125,-0.6154412499729496
pareto_a25,29,12.93851097932506,12.4737548828125,0.4647560965125592
