spec,region,C_saa,C_eval
gamma_cv10,uniform(K=1),518.8458813419295,518.9902598622587
gamma_cv10,boundary(+2a=6),511.99833432757686,512.5864301899915
gamma_cv10,interior(+2a=6),518.5479929750429,518.7938191087643
lognormal_cv10,uniform(K=1),522.8655359308009,517.0484570460767
lognormal_cv10,boundary(+2a=6),516.2312637369456,510.66551235935464
lognormal_cv10,interior(+2a=6),522.2717299315451,516.4159020871886
mixture_p10_cv10,uniform(K=1),529.2220839863621,528.3137208535941
mixture_p10_cv10,boundary(+2a=6),521.41461383032,520.6838885002879
mixture_p10_cv10,interior(+2a=6),528.4230303240104,527.7564882381396
pareto_a25,uniform(K=1),382.89006741928154,391.30046007784216
pareto_a25,boundary(+2a=6),376.89851587365314,385.56413206625564
pareto_a25,interior(+2a=6),382.2364429450365,390.69713367046785
