E_W_mean,Q95_W_mean,E_W_max,E_p_wait30,E_idle,Q95_idle,E_overtime,Q95_overtime,P_overtime_gt0,E_cost,Q95_cost,CVaR95_cost,SE_E_cost,spec,policy,N,M,regret_abs,regret_rel,complexity
11.543067793961821,29.255872352341942,28.401626480340855,0.09960833333333334,18.712305254248783,47.87727188047771,28.57667277139943,62.79335039993199,1.0,440.86998987015113,1000.630632685957,1227.1779931436881,0.869404956388859,gamma_cv05,fixed_mean,30,100000,183.52428782027556,0.7131430070851044,1
2.7482172995478065,7.492955534825318,13.82530742473807,0.0036470000000000005,75.76490055760469,116.40633162161349,13.12926807475535,27.581864467707017,1.0,260.23485625115427,360.45621612274084,449.4239432048769,0.1970714534821163,gamma_cv05,fixed_conservative,30,100000,2.8891542012787,0.011226743552603648,1
0.9149589520785071,2.556884871563484,8.721043062588217,0.00022133333333333334,146.79565625852442,188.83113402383648,10.951524750633082,21.779396668528275,1.0,342.9431305806702,414.2084127182934,433.8193691450348,0.13559936495086844,gamma_cv05,quantile,30,100000,85.59742853079462,0.3326165070913257,2
3.14364272416232,8.63530230679576,14.631742440580584,0.005230333333333334,68.71020542224758,108.97123690091286,13.658752626898158,29.101234222464203,1.0,259.0471978231611,380.1311314105503,487.35653359224534,0.2291192034919824,gamma_cv05,opt_uniform,30,100000,1.7014957732855578,0.006611712415371114,3
3.1715838870890116,8.609083886422063,14.695109064645345,0.005016,67.80557499415019,108.29592123840307,13.304363826900012,28.1203255058249,1.0,257.3673942547708,374.33135242257606,479.03738333895507,0.22413203598228346,gamma_cv05,opt_nonuniform,30,100000,0.02169220489520285,8.429208151686456e-05,4
1.8702844497151088,5.069070492087239,11.790204359221013,0.00129,97.99409789606416,139.38505422953105,12.035980061652285,24.580488277480683,1.0,276.1686894068862,348.7697832273649,392.09720938454836,0.14372364584957548,gamma_cv05,tail_aware,30,100000,18.822987357010618,0.07314280832000286,4
3.2239768816683627,8.856995005081394,14.789782280256352,0.005588999999999999,67.42789894577348,107.6069686490016,13.769805525424129,29.429074191474633,1.0,259.1147153924461,384.4772769739228,495.56301630338066,0.23596403081227976,gamma_cv05,dro,30,100000,1.7690133425705312,0.006874073778887836,5
3.1804947725944994,8.646859573357943,14.704035696677314,0.005087000000000001,67.66929322634813,108.17140153981475,13.296136209672172,28.105895364254387,1.0,257.34570204987557,374.69100640286064,480.6784847736149,0.2254008621173617,gamma_cv05,oracle,30,100000,0.0,0.0,6
22.658945632421467,61.31036955821707,56.42294703298118,0.2914756666666667,36.769038139185334,90.39717546570911,46.7537874354576,119.31059883415195,1.0,846.8140201219298,2066.368522668404,2585.2053518914668,1.8841215396833815,gamma_cv10,fixed_mean,30,100000,334.6225341290327,0.6533152996097892,1
11.195017627077837,34.02493791010701,39.493753878291436,0.1281046666666667,87.49868169869806,158.25030359864928,24.983430994970348,73.31102093769702,1.0,560.8147541996719,1192.6076486422096,1621.7965378828537,1.0116441856604481,gamma_cv10,fixed_conservative,30,100000,48.62326820677481,0.0949318165890971,1
2.8161276031536677,8.484211253539053,23.327648129464308,0.021015,262.03102857092085,341.87132432056933,13.075698227695446,39.04546580374969,1.0,634.6972816918425,768.2092100096066,841.5796051853752,0.26817068535647465,gamma_cv10,quantile,30,100000,122.50579569894535,0.23917967996181064,2
6.98496375140108,20.929003501736133,32.74053711767987,0.06980166666666666,135.10655257465598,210.88896470658025,18.430828238115748,54.863266905783256,1.0,516.6236741675758,843.0211910743936,1136.8842471990429,0.5968927050314367,gamma_cv10,opt_uniform,30,100000,4.432188174678686,0.008653381198023564,3
6.99617620075489,20.590230733064107,32.83408234646685,0.069435,133.51548320687502,209.84249885887905,17.621090760686656,52.68623677091438,1.0,512.1584339577701,824.939751990861,1109.9046752302065,0.5793128261995344,gamma_cv10,opt_nonuniform,30,100000,-0.03305203512707067,-6.45306219079343e-05,4
3.6770671045768615,10.958545208384065,25.825955281439423,0.029802000000000002,219.70075565777574,298.82877322547375,14.09358600873548,42.02648638102806,1.0,577.9006964703282,724.7081131970018,845.3653043553777,0.3071423904911836,gamma_cv10,tail_aware,30,100000,65.70921047743104,0.12829032163635432,4
7.315481231269086,21.967933472397274,33.31722528718377,0.074183,129.9162624900113,205.36737400381253,18.90530866128352,56.24074743579887,1.0,517.1075792406622,867.2140344791889,1174.8253524609652,0.6300234508226514,gamma_cv10,dro,30,100000,4.916093247765048,0.009598154952214926,5
6.940532777499849,20.3959203635196,32.7633514874513,0.06867333333333332,134.2353840408202,210.47471296016545,17.752367293130654,53.02148091246875,1.0,512.1914859928971,821.9339172835594,1103.1828112869748,0.5736966264942247,gamma_cv10,oracle,30,100000,0.0,0.0,6
33.087272120992466,95.07028875904967,83.11143223988815,0.3779776666666667,53.9998307200328,128.19717354222644,64.02280796867446,179.52253387022031,1.0,1228.6634410071883,3196.845355493845,4072.5813334023437,3.031722368935247,gamma_cv15,fixed_mean,30,100000,453.99901547849197,0.5860589443856864,1
21.05943587296707,67.39624906045479,66.54569722345157,0.252082,102.71991717074215,196.22123056990995,40.24289441938382,131.2231393068905,1.0,917.7086993692642,2299.932339312632,3103.0103935362104,2.119794315198354,gamma_cv15,fixed_conservative,30,100000,143.04427384056783,0.18465321128299178,1
6.30621359877912,20.490565637841375,43.162062931623744,0.07495166666666668,323.25682026145654,435.94126941674426,17.051814047909275,64.81994204698188,1.0,869.8036765821053,1148.1957847566177,1444.4248713685356,0.5819803822291924,gamma_cv15,quantile,30,100000,95.13925105340888,0.12281350210251081,2
11.345966313007745,37.023361301447444,52.65345763609153,0.13765933333333336,197.89338536518096,305.3062642789261,23.878935856010127,86.13653569735057,1.0,783.9236318326145,1418.204664770521,1987.5104706872098,1.1255844450839023,gamma_cv15,opt_uniform,30,100000,9.259206303918177,0.011952538413776925,3
11.192723767278425,35.53772331372278,52.813155119814745,0.13577466666666668,195.82608811757143,303.5383953187336,23.695016560097002,85.24575505710025,1.0,774.8239223736897,1365.3578032002931,1903.464470929242,1.0675235011170152,gamma_cv15,opt_nonuniform,30,100000,0.1594968449933276,0.000205891531529247,4
5.803989293990611,18.90423702986399,41.937331467164455,0.068687,344.12175305701544,457.32170087712234,16.443411946282104,62.92074698682985,1.0,895.2500088263134,1146.5794891167934,1412.1493563731867,0.5370653731123428,gamma_cv15,tail_aware,30,100000,120.58558329761706,0.1556617024401492,4
10.98050841184722,35.757998659233884,52.06623252843495,0.13317533333333334,203.91854388927112,311.7848038609273,23.338737934787787,84.66783678562182,1.0,783.9298160035344,1390.3092045046878,1941.9274206170023,1.0844022764766919,gamma_cv15,dro,30,100000,9.265390474838,0.011960521445804763,5
11.437123033435142,36.528445738622814,53.108487932933194,0.13876866666666668,192.25000238493755,300.01226611422396,23.525364877883447,85.02190818487063,1.0,774.6644255286964,1387.8037537066168,1941.8136170108044,1.0991571948630494,gamma_cv15,oracle,30,100000,0.0,0.0,6
22.658945632421467,61.31036955821707,56.42294703298118,0.2914756666666667,36.769038139185334,90.39717546570911,46.7537874354576,119.31059883415195,1.0,846.8140201219298,2066.368522668404,2585.2053518914668,1.8841215396833815,weibull_cv10,fixed_mean,30,100000,334.6225341290327,0.6533152996097892,1
11.195017627077837,34.02493791010701,39.493753878291436,0.1281046666666667,87.49868169869806,158.25030359864928,24.983430994970348,73.31102093769702,1.0,560.8147541996719,1192.6076486422096,1621.7965378828537,1.0116441856604481,weibull_cv10,fixed_conservative,30,100000,48.62326820677481,0.0949318165890971,1
2.8161276031536677,8.484211253539053,23.327648129464308,0.021015,262.03102857092085,341.87132432056933,13.075698227695446,39.04546580374969,1.0,634.6972816918425,768.2092100096066,841.5796051853752,0.26817068535647465,weibull_cv10,quantile,30,100000,122.50579569894535,0.23917967996181064,2
6.98496375140108,20.929003501736133,32.74053711767987,0.06980166666666666,135.10655257465598,210.88896470658025,18.430828238115748,54.863266905783256,1.0,516.6236741675758,843.0211910743936,1136.8842471990429,0.5968927050314367,weibull_cv10,opt_uniform,30,100000,4.432188174678686,0.008653381198023564,3
6.99617620075489,20.590230733064107,32.83408234646685,0.069435,133.51548320687502,209.84249885887905,17.621090760686656,52.68623677091438,1.0,512.1584339577701,824.939751990861,1109.9046752302065,0.5793128261995344,weibull_cv10,opt_nonuniform,30,100000,-0.03305203512707067,-6.45306219079343e-05,4
3.6770671045768615,10.958545208384065,25.825955281439423,0.029802000000000002,219.70075565777574,298.82877322547375,14.09358600873548,42.02648638102806,1.0,577.9006964703282,724.7081131970018,845.3653043553777,0.3071423904911836,weibull_cv10,tail_aware,30,100000,65.70921047743104,0.12829032163635432,4
7.315481231269086,21.967933472397274,33.31722528718377,0.074183,129.9162624900113,205.36737400381253,18.90530866128352,56.24074743579887,1.0,517.1075792406622,867.2140344791889,1174.8253524609652,0.6300234508226514,weibull_cv10,dro,30,100000,4.916093247765048,0.009598154952214926,5
6.940532777499849,20.3959203635196,32.7633514874513,0.06867333333333332,134.2353840408202,210.47471296016545,17.752367293130654,53.02148091246875,1.0,512.1914859928971,821.9339172835594,1103.1828112869748,0.5736966264942247,weibull_cv10,oracle,30,100000,0.0,0.0,6
21.301522692415947,62.7594986722068,53.278572226997966,0.26004299999999997,34.92646614458507,83.45525800185645,44.92365820439376,122.95087572530257,1.0,798.745929470436,2117.5440680096294,2837.4688455422806,2.1040679698620357,lognormal_cv10,fixed_mean,30,100000,286.07502845834176,0.5580091007575894,1
10.818811174019151,36.82372975036779,38.78874395369592,0.12059266666666667,87.29777424153572,152.40793325701443,24.794966301344413,79.07334177265521,1.0,548.7498163063348,1290.6570141987527,1928.3680986750296,1.293382130956381,lognormal_cv10,fixed_conservative,30,100000,36.07891529424057,0.07037441606889534,1
4.407269131871732,15.293925927975145,28.380948895962923,0.04333033333333334,202.62347334384467,275.59264522925736,15.098727170291069,47.58105024217316,1.0,567.6624749844233,799.3308083433931,1141.625527382287,0.5909890751773001,lognormal_cv10,quantile,30,100000,54.99157397232909,0.10726486302180785,2
7.51498415698382,25.923589429002373,33.991103893750264,0.07921133333333333,127.0525439070905,196.5745339366226,19.443974248149175,62.72091991513455,1.0,518.4425610199938,991.3113349113028,1519.6155890454163,0.9487479051659422,lognormal_cv10,opt_uniform,30,100000,5.771660007899641,0.011258021464657859,3
7.4853360464020735,25.185900418422552,34.17267451524796,0.07802300000000001,124.93469239662184,194.80101204746316,19.113280386965123,61.26925261771783,1.0,512.6560269592361,958.3100857678746,1475.0049821029859,0.919568795777079,lognormal_cv10,opt_nonuniform,30,100000,-0.014874052858090181,-2.9012867375008853e-05,4
3.6312030796662618,12.739983848538827,26.531621452940243,0.035059,235.79465226334207,309.5279414479826,14.123191979400854,43.897338098813854,1.0,608.7717808754736,789.9996077121881,1073.3795075156495,0.5024273393715006,lognormal_cv10,tail_aware,30,100000,96.10087986337942,0.18745140337331598,4
7.326501445244232,25.267321347458953,33.69562452615062,0.07692966666666667,130.15984615766598,199.89522335512473,19.16133509247465,61.73290575428431,1.0,518.4374058576083,973.5164076060884,1495.0804003011585,0.9277758412154876,lognormal_cv10,dro,30,100000,5.766504845514078,0.011247965964383929,5
7.550379714842552,25.461185437539164,34.245563561955414,0.07887166666666667,124.09738149490269,193.9998828813541,18.98237328850609,61.07942835557465,1.0,512.6709010120942,962.6564257191017,1484.3263428001621,0.927131295070743,lognormal_cv10,oracle,30,100000,0.0,0.0,6
29.24892284724177,94.0595254252401,73.44930945916043,0.31204733333333334,48.57537910932716,110.94395167194747,58.635340282099534,180.88152476088422,1.0,1091.8891242001066,3176.250442539502,4606.188644540095,3.510534524234671,lognormal_cv15,fixed_mean,30,100000,346.0332011296848,0.4639410781980386,1
18.638560989998254,68.30501967492306,59.705090588599695,0.19778133333333334,99.99156022956012,180.39150410209086,37.55152140233249,135.27175567240988,1.0,834.2429929637331,2339.246782135314,3706.2142152381034,2.7293509662546764,lognormal_cv15,fixed_conservative,30,100000,88.38706989331126,0.11850421396327235,1
9.55219018521975,36.23729313507729,47.39245220474423,0.09880500000000002,219.75946043729468,313.6457830208478,22.1869686348616,86.4455966047332,1.0,770.458563700905,1441.0884496002905,2526.128037752887,1.7600289575195789,lognormal_cv15,quantile,30,100000,24.602640630483165,0.032985781663036076,2
11.918241841940722,45.23133253082767,50.9301238254532,0.12439666666666664,173.653849195445,264.2663915550793,25.859928532279874,99.75243625606704,1.0,756.5748107136715,1659.9336450775836,2872.7491769962226,2.0469473154581843,lognormal_cv15,opt_uniform,30,100000,10.718887643249673,0.014371257654057166,3
11.792460533899401,43.51561961589693,51.25865171214627,0.12291966666666665,170.3646147112,261.33738174512615,25.658084768593895,98.088823094225,1.0,745.8192149765698,1594.5786476109854,2783.8886429541544,1.9904214433243115,lognormal_cv15,opt_nonuniform,30,100000,-0.03670809385198481,-4.921606535062527e-05,4
5.253334938004162,20.07200863505335,38.68898995103376,0.05331766666666668,382.77753925095215,481.9129228251815,16.179468197161974,60.96021606095112,1.0,955.514063036353,1252.2522124037143,1945.941684675993,1.1580815416518904,lognormal_cv15,tail_aware,30,100000,209.65813996593124,0.2810973721343443,4
10.273759989066853,38.92876808299479,48.52170611423586,0.10661699999999999,203.8248690152416,296.7580291174149,23.28204698488899,90.38300381459719,1.0,762.4266316722669,1504.3409799933193,2633.3432109319715,1.850476044556427,lognormal_cv15,dro,30,100000,16.570708601845126,0.022217036949481413,5
11.88242562886925,43.95536056205973,51.35310892021535,0.12391033333333334,169.23717494349782,260.31198429262304,25.45440215867437,97.56238848588724,1.0,745.8559230704218,1600.9684482968585,2795.726135097751,1.9999623148323258,lognormal_cv15,oracle,30,100000,0.0,0.0,6
21.057505377476318,64.17208893055215,53.08263433245209,0.26423,34.87027705318541,81.51808263397022,44.83047052898908,124.32516061866475,1.0,791.1266564886383,2161.4196536982113,2792.6262886762656,2.105258271664357,mixture_p10_cv10,fixed_mean,30,100000,273.15051352836906,0.5273418809740833,1
10.968496585803043,38.20008099230008,39.97348314506444,0.13554866666666665,87.62176323547745,150.94058140756556,25.08195671128112,81.05372129259538,1.0,554.4623374676083,1327.3252007330134,1867.6196991959446,1.2393673560200427,mixture_p10_cv10,fixed_conservative,30,100000,36.486194507339064,0.07043991311804045,1
6.627529681628016,23.17468491059188,33.96256136848633,0.07914066666666666,147.2111981492686,216.7097084395691,18.05097482577844,60.44142907419593,1.0,529.3502363989346,931.959342677218,1297.9115889015663,0.7259235148626797,mixture_p10_cv10,quantile,30,100000,11.37409343866534,0.021958720673237217,2
20.45596054181831,56.08620697322626,58.197042658712014,0.2549523333333333,97.37062283318319,163.41131827489917,20.407739385909963,72.30075446672667,1.0,849.2355406927356,1850.2272542355188,2460.1827842499224,1.5823677508549208,mixture_p10_cv10,class_based,30,100000,331.25939773246637,0.6395263608846851,3
7.573536874543252,26.457432902153254,35.38868734212892,0.09130466666666663,129.61011031722327,197.92284264081277,19.466690511776914,64.99840712845223,1.0,525.3597078942979,1008.7249929891219,1425.3273108591861,0.8440207153035114,mixture_p10_cv10,opt_uniform,30,100000,7.383564934028641,0.014254642871833942,3
7.616349150098375,25.995456708418505,35.75685053344721,0.09105066666666667,125.64633072664212,194.30445685257112,19.13417710897639,63.55975849613585,1.0,518.0514901741882,977.5585729442687,1385.2603770570229,0.8195347865755467,mixture_p10_cv10,opt_nonuniform,30,100000,0.07534721391891708,0.0001454646414568489,4
3.78990791736761,13.35619986220733,28.554303022945394,0.04319166666666667,238.02297512670842,310.68547561114536,14.24996547751217,47.593057411398455,1.0,618.2431187294695,803.8599121192087,989.7997203138164,0.37958674081900207,mixture_p10_cv10,tail_aware,30,100000,100.26697576920026,0.19357450556731745,4
7.524875711716844,26.270856215373616,35.31769353406452,0.09068533333333334,130.42761125928132,198.79627085848668,19.39210161008495,64.76133155561106,1.0,525.3856970902377,1004.6091268520491,1418.721513739194,0.8380089810463861,mixture_p10_cv10,dro,30,100000,7.4095541299684555,0.014304817375607966,5
7.656717774727385,26.08634403106348,35.83089351991495,0.09163566666666667,124.5124394256982,192.76394268593316,19.62486543352558,64.95652528945787,1.0,517.9761429602693,983.1740480732445,1392.5147104927912,0.8271899830644456,mixture_p10_cv10,oracle,30,100000,0.0,0.0,6
31.692613870954098,97.13011610494785,79.53755774622452,0.3469716666666666,52.022691212099026,121.64551551305304,62.20095428094556,182.95042911790443,1.0,1179.2257071147123,3267.208556505355,4321.863766039761,3.235880663355247,mixture_p20_cv15,fixed_mean,30,100000,408.6790559549179,0.5303754877654602,1
20.30073241925559,70.06307937607528,64.41794098505939,0.22897633333333334,101.88194555975171,190.44119797821406,39.56020862859822,136.88471383459438,1.0,891.9062809543675,2380.6927726106856,3373.8782453092394,2.354876862525197,mixture_p20_cv15,fixed_conservative,30,100000,121.35962979457304,0.15749809516647384,1
8.333071719287563,30.171856549637443,47.363413174501304,0.09580866666666668,261.16617425792924,366.67217481030104,19.84224127757918,77.76550381257597,1.0,812.0089826496437,1319.9074105566867,1876.3644999566752,1.0040504863014164,mixture_p20_cv15,quantile,30,100000,41.46233148984925,0.05380898278831254,2
26.717609864247684,82.30494585970207,77.0866403361012,0.300757,96.44668910082066,183.9144745406752,39.48209502681009,138.56769644462264,1.0,1073.3858641826916,2745.2321037235147,3767.713695778936,2.601375827262278,mixture_p20_cv15,class_based,30,100000,302.8392130228972,0.3930186609299727,3
11.757298865852906,42.18638417439582,52.90486994492681,0.13458933333333334,189.3867811191299,290.56326787033424,24.86270043797646,95.65744972800594,1.0,781.2179290897998,1582.949195877407,2336.6659660959035,1.436051261455023,mixture_p20_cv15,opt_uniform,30,100000,10.671277930005317,0.01384897061578732,3
11.74288705678825,41.10944132063098,53.29561327741633,0.13442133333333334,184.77952887635973,286.50559881787984,24.404342534514708,93.2513633424511,1.0,770.6543545253966,1529.3572802448562,2263.6589844337836,1.3889971601054492,mixture_p20_cv15,opt_nonuniform,30,100000,0.1077033656021058,0.00013977526920660186,4
5.631052816196089,20.841525083850943,41.672859988998624,0.06492833333333332,361.43399916396424,469.9101620694881,16.291461451560814,64.20446777915919,1.0,924.382505716933,1227.9525158598917,1590.989509445561,0.6650686140123845,mixture_p20_cv15,tail_aware,30,100000,153.83585455713853,0.19964508875042317,4
10.90115910311337,39.300943542244106,51.61633342749397,0.125022,203.97606618201024,306.3098508071197,23.551546047731772,90.99039000539697,1.0,782.0899975528852,1508.9310450028916,2218.540813878775,1.3304048645672912,mixture_p20_cv15,dro,30,100000,11.543346393090701,0.014980723588527886,5
11.656290905608785,40.83806927262089,53.21083861595066,0.13341233333333333,185.9194384038829,287.5735068711058,24.50952359188262,93.54259341817307,1.0,770.5466511597945,1521.6672199657796,2250.3410696220844,1.377353966751098,mixture_p20_cv15,oracle,30,100000,0.0,0.0,6
13.666917548694125,46.34928915153608,34.2462862813407,0.13881233333333332,23.117854532107653,51.14406933474605,33.01547111316082,94.33998034336152,1.0,522.2741777513606,1576.4000148764537,2643.627981992773,2.301761621579751,pareto_a25,fixed_mean,30,100000,140.32211509308053,0.3673814826826111,1
6.229723602778767,24.016617264329007,24.829288514421116,0.055199,81.42902946884854,121.82384488513786,18.826646049901694,57.0501303528792,1.0,387.4030591208635,886.6450224129818,1874.7778368161635,1.786408010717597,pareto_a25,fixed_conservative,30,100000,5.450996462583362,0.014271415173532361,1
5.799247413128757,22.215013244894838,24.22742212558244,0.050977999999999996,89.22038087722048,130.28135526439624,18.113557620819652,54.40038051117729,1.0,388.645299389943,838.5565690320311,1807.6630177438624,1.7444476552200883,pareto_a25,quantile,30,100000,6.693236731662864,0.017523761188982193,2
6.353663377704056,24.536306963507894,24.998216342219337,0.05645733333333334,79.37135523047446,119.57906005664896,19.034596811527628,57.82777356072577,1.0,387.42180541512585,900.0149506680796,1893.5584836656212,1.7981199566699702,pareto_a25,opt_uniform,30,100000,5.469742756845733,0.014320495401380594,3
6.286474410193312,23.56498060339988,25.159002541062314,0.05492833333333333,77.87028928428143,118.35877815357391,18.788795830057,56.56496256593723,1.0,381.9124025344762,861.8211112741628,1847.4871962547384,1.7772014094001776,pareto_a25,opt_nonuniform,30,100000,-0.039660123803912484,-0.00010383534396408035,4
2.6195168113972294,9.29002073152947,17.980330759651405,0.021882333333333337,216.31198984371,261.6690987747093,13.318737284138162,32.737873578644276,1.0,537.8469585976131,661.1091083748431,1297.181098586816,1.3391858502935092,pareto_a25,tail_aware,30,100000,155.89489593933303,0.40815304112863776,4
4.320919637845784,16.147395970061737,21.881776459588785,0.03698433333333333,126.87893119374016,170.02722750530936,15.780844649793307,44.541034591812455,1.0,414.94714082244053,704.0938864464788,1562.0376559560175,1.5822908176768338,pareto_a25,dro,30,100000,32.99507816416042,0.08638539070721035,5
6.205537548412192,23.182018258565197,25.087984734113448,0.05404266666666666,79.08055099863095,119.5857092336955,18.812417104326222,56.447729266948876,1.0,381.9520626582801,851.3914923726576,1831.3310743576121,1.767841479849311,pareto_a25,oracle,30,100000,0.0,0.0,6
8.485833546750895,26.79349424369894,21.286897123597633,0.06579899999999998,14.12345320204087,32.57639409158105,24.077612998407616,58.25412378886622,1.0,330.9771388034238,916.7597704840201,1327.5805150943859,1.0172669487769463,pareto_a35,fixed_mean,30,100000,102.97346618388389,0.4516307347193979,1
2.2604865219783394,8.273053166942258,12.644367448952284,0.012843000000000002,75.34884607659754,103.38240764613205,12.803005872964292,28.477744011986267,1.0,244.1182995584739,385.0212598572184,664.7908451775635,0.4835335747743278,pareto_a35,fixed_conservative,30,100000,16.114626938933952,0.07067704986412103,1
2.4811381682624036,9.112926634067533,13.04714872432794,0.014181,68.91794692130811,96.68508353783544,13.119220129378792,29.70793463558237,1.0,238.50847914924594,397.95175928460117,695.7931378787681,0.5103677104284833,pareto_a35,quantile,30,100000,10.504806529706002,0.04607297070707684,2
3.3617836491796846,12.406346608935092,14.446057880425702,0.019911333333333333,50.51098472767424,77.1298131522043,14.45738085216601,34.54608468399774,1.0,230.79024063507106,472.42306194392967,821.4969222052997,0.6094888463882276,pareto_a35,opt_uniform,30,100000,2.7865680155311168,0.012221592676627382,3
3.3443274826627114,12.026129812903521,14.53261321086674,0.01922533333333333,49.55641897753985,76.35799184804567,14.268275408326376,33.81229670370303,1.0,227.9792132516138,456.3807100097269,800.5339176458697,0.5980396006500067,pareto_a35,opt_nonuniform,30,100000,-0.02445936792614134,-0.00010727620149766468,4
1.4494898596059533,5.328107821994239,10.791454695207287,0.008308333333333333,111.70360714504832,140.62891713132515,11.704153660165037,23.77892224031333,1.0,290.3002173986052,365.5816881758967,567.6525833428707,0.3760969317712338,pareto_a35,tail_aware,30,100000,62.29654477906524,0.27322605843729914,4
1.2954738149491887,4.774312335357868,10.327548475802764,0.007468000000000001,122.54851187732066,151.64234737116675,11.506968548687398,23.041441033915262,1.0,306.97517530049186,371.97838403068477,556.0433869095795,0.35375199395656964,pareto_a35,dro,30,100000,78.97150268095191,0.34636066065799,5
3.293215282228929,11.797052438268826,14.478068146013602,0.018836666666666668,50.32434166061759,77.13356435207682,14.279265415718465,33.76834315193918,1.0,228.00367261953994,452.2718647069189,791.7571294401199,0.5916916969144592,pareto_a35,oracle,30,100000,0.0,0.0,6
