citation,year,journal,doi,verified,problem,model,service_assumptions,horizon,policy_dimensionality,uniform_vs_nonuniform,method,structural_result,bound,theorem,misspecification,finding,relation,conflict
"Bailey, A study of queues and appointment systems in hospital outpatient departments",1952,"J. R. Statist. Soc. B","10.1111/j.2517-6161.1952.tb00112.x",YES,outpatient appointment design,simulation+D/G/1,known dist,punctual,finite,equidistant slots + block booking,uniform heuristic,simulation,no proof,no,no,"block booking + mean-length slots",foundational baseline,none
"Lindley, The theory of queues with a single server",1952,"Proc. Cambridge Phil. Soc.","10.1017/s0305004100027638",YES,waiting-time recursion,D/G/1 Lindley,i.i.d.,infinite,none,n/a,theory,stationarity equation,no,yes,no,"W = max(0, W + S - x) recursion used in our model",model basis,none
"Denton & Gupta, A sequential bounding approach for optimal appointment scheduling",2003,"IIE Transactions","10.1080/07408170304395",YES,optimal appointment times,two-stage stochastic LP,general dist,finite,full nonuniform,nonuniform optimal,L-shaped sequential bounding,convexity,upper bounds independent of dist,yes (algorithmic),no,"full nonuniform optimum computable; distribution-free upper bounds",method precedent,none
"Kaandorp & Koole, Optimal outpatient appointment scheduling",2007,"Health Care Management Science","10.1007/s10729-007-9015-1",PARTIAL,optimal schedules w/ no-shows,local search,exponential+general,finite,full nonuniform,nonuniform optimal,local search + exact eval,"dome-shaped intervals (short ends, long middle)",no,yes (structural observation),no,"optimal intervals not equidistant; dome shape",key structural precedent,we quantify dome boundary concentration
"Begen & Queyranne, Appointment scheduling with discrete random durations",2011,"Mathematics of Operations Research","10.1287/moor.1110.0491",YES,appointment scheduling,discrete service dist,i.i.d. discrete,finite,full nonuniform,nonuniform optimal,polytime stochastic programming,cost convex in appointment times,no,yes,no,"polynomial solvability via hidden convexity",convexity precedent,none
"Mak, Rong & Zhang, Appointment scheduling with limited distributional information",2015,"Management Science","10.1287/mnsc.2013.1881",YES,sequencing+scheduling under moment ambiguity,min-max moment model,moments only,finite,full nonuniform,nonuniform optimal,conic/SOCP,"closed-form allowances under mean-variance info; variance-ordered sequencing",yes,yes,yes (partial info),"tractable DRO under marginal moments",DRO precedent,none
"Kong, Lee, Li & Zhan, Scheduling arrivals to a stochastic service delivery system using copositive cones",2013,"Operations Research","10.1287/opre.2013.1170",PARTIAL,arrival scheduling,copositive programming,partial info,finite,full nonuniform,nonuniform optimal,copositive optimization,worst-case formulations,yes,yes,no,"exact worst-case scheduling via copositive cones",DRO precedent,none
"Zhou, Ding, Huh & Wan, Constant job-allowance policies for appointment scheduling: performance bounds and numerical analysis",2021,"Production and Operations Management","10.1111/poms.13362",YES,near-optimality of constant (uniform) allowance,D/G/1-type DP,maximum of random walk,i.i.d.,finite,1 parameter (constant allowance),uniform vs full nonuniform,dynamic programming + queueing bounds,constant policy asymptotically optimal; dome shape explains boundary deviation,explicit gap bound (idle cost small or N large),yes,no,"uniform allowance near-optimal under mild conditions",CORE PRIOR ART for our Q1,our novelty must be finite-N overtime model + complexity frontier + misspecification
"Armony, Atar & Honnappa, Asymptotically optimal appointment schedules",2019,"Mathematics of Operations Research","10.1287/moor.2018.0973",YES,appointment scheduling with no-shows,fluid+diffusion limits,general dist + no-shows,finite→limit,full schedule function,fluid-optimal = critical load,stochastic optimization in heavy traffic,fluid scale: critical load optimal; diffusion: reflected BM local time,asymptotic optimality + stochasticity gap (positive constant),yes,no,"in large systems the optimal cumulative schedule is fluid-determined; stochasticity gap quantified",CORE PRIOR ART for asymptotics,we operate finite-N with overtime and no no-shows
"Ahmadi-Javid, Jalali & Klassen, Outpatient appointment systems in healthcare: a review of optimization studies",2017,"European Journal of Operational Research","10.1016/j.ejor.2016.12.016",YES,review,optimization literature survey,mixed,mixed,mixed,both,review,"taxonomy: design/planning levels",no,no,no,"EJOR-scope review of outpatient scheduling optimization",scope anchor,none
"Mahes, Mandjes, Boon & Taylor, Adaptive scheduling in service systems: a dynamic programming approach",2024,"European Journal of Operational Research","10.1016/j.ejor.2023.06.026",YES,dynamic/adaptive appointment rescheduling,phase-type DP,phase-type,finite,adaptive per-arrival,nonuniform adaptive,dynamic programming,"gains of rescheduling; cost of wrongly assuming exponentiality",no,yes,yes (misspecified exponential),"dynamic schedules beat static; misspecification costs quantified",recent EJOR precedent,they treat adaptivity not static complexity
"Tsang & Shehadeh, Stochastic optimization models for a home service routing and appointment scheduling problem",2023,"European Journal of Operational Research","10.1016/j.ejor.2022.08.031",PARTIAL,home-service routing+scheduling,stochastic programming,random travel+service,finite,routes+times,nonuniform,MINLP/reformulations,exact algorithms,no,yes,no,"EJOR precedent for combined scheduling under uncertainty",recent EJOR precedent,different application
"Zhan, Wang & Wan, Home service routing and appointment scheduling with stochastic service times",2021,"European Journal of Operational Research","10.1016/j.ejor.2020.06.048",PARTIAL,home-service scheduling,two-stage SP,stochastic service,finite,routes+times,nonuniform,exact/heuristic,algorithmic results,no,yes,no,"EJOR precedent, application-oriented",recent EJOR precedent,different application
"van Eekelen, de Jonge, Kuiper & Leeuwaarden, Distributionally robust appointment scheduling that can deal with independent service times",2024,"INFORMS Journal on Computing","10.1177/10591478241292258",PARTIAL,DRO appointment scheduling,LP-based DRO,mean+MAD+range known, independent,finite,full nonuniform,nonuniform optimal,linear programming,new structural features of optimal robust schedules,yes,yes,yes (ambiguity),"independence-aware DRO; robust schedule structure",recent DRO precedent,none
"Bauerhenne et al., Robust appointment scheduling for general convex uncertainty sets",2024,"Optimization Online (preprint)",,PARTIAL,robust ASP,robust convex opt,convex uncertainty sets,finite,full nonuniform,nonuniform optimal,reformulation-perspectification + cutting sets,first exact general method for convex uncertainty,yes,yes,yes,"exact robust schedules for large instances",recent robust precedent,none
"Rockafellar & Uryasev, Optimization of conditional value-at-risk",2000,"Journal of Risk","10.21314/JOR.2000.038",YES,CVaR optimization,portfolio risk,general,static,scalar tail risk,n/a,linear programming,CVaR minimization formula,no,yes,no,"CVaR machinery for tail-aware policy",method precedent,none
"Bertsimas & Sim, The price of robustness",2004,"Operations Research","10.1287/opre.1030.0065",YES,robust optimization conservativeness,robust LP/MIP,uncertainty sets,static,n/a,n/a,robust optimization,conservativeness bound,yes,yes,no,"robustness-performance tradeoff formalized",method precedent,none
"Perakis & Roels, Regret in the newsvendor model with partial information",2008,"Operations Research","10.1287/opre.1070.0486",PARTIAL,newsvendor regret under partial info,minimax regret,moments only,static,scalar order qty,n/a,minimax regret,closed-form regret bounds,yes,yes,yes (partial info),"distribution-free regret characterization",analogous framework (regret under info limits),newsvendor not scheduling
"Kuiper, Kemperman & Mandjes (Mandjes group), QED appointments / fluid scheduling works",2025,"arXiv/working papers",,PARTIAL,large-system appointment design,fluid+diffusion+unpunctuality,general + unpunctual,finite→limit,schedule function,fluid-optimal shapes incl. block booking,fluid control problem asymptotics,asymptotic optimality on fluid scale,yes,no,"arXiv:2412.18215: fluid-scale optimal schedules can block-book",recent asymptotic precedent,none
