query,topic,verified,score,title,journal,year,doi,authors
Bailey A study of queues and appointment systems in hospital outpatient departments Journal of the Royal Statistical Society 1952,foundational outpatient scheduling,YES,68.9009,"A Study of Queues and Appointment Systems in Hospital Out-Patient Departments, with Special Reference to Waiting-Times",Journal of the Royal Statistical Society Series B: Statistical Methodology,1952,10.1111/j.2517-6161.1952.tb00112.x,"Bailey, Norman T. J."
Welch Bailey Appointment systems in hospital outpatient departments Lancet 1952,foundational outpatient scheduling,YES,79.11209,APPOINTMENT SYSTEMS IN HOSPITAL OUTPATIENT DEPARTMENTS,The Lancet,1952,10.1016/s0140-6736(52)90763-0,"Welch, J.D.; Bailey, NormanT.J."
Lindley The theory of queues with a single server Proceedings of the Cambridge Philosophical Society 1952,Lindley recursion,YES,64.54218,The theory of queues with a single server,Mathematical Proceedings of the Cambridge Philosophical Society,1952,10.1017/s0305004100027638,"Lindley, D. V."
Soriano Comparison of two scheduling policies Operations Research 1966,appointment scheduling,YES,53.617393,Comparison of Two Scheduling Systems,Operations Research,1966,10.1287/opre.14.3.388,"Soriano, A."
Cayirli Veral Outpatient scheduling in health care a review of literature Production and Operations Management 2003,review,YES,87.78634,OUTPATIENT SCHEDULING IN HEALTH CARE: A REVIEW OF LITERATURE,Production and Operations Management,2003,10.1111/j.1937-5956.2003.tb00218.x,"CAYIRLI, TUGBA; VERAL, EMRE"
Bauerhenne Kolisch Schulz Robust appointment scheduling waiting time guarantees Manufacturing Service Operations Management,robust scheduling 2026,YES,105.3779,Robust Appointment Scheduling with Waiting Time Guarantees,Manufacturing &amp; Service Operations Management,2026,10.1287/msom.2024.0852,"Bauerhenne, Carolin; Kolisch, Rainer; Schulz, Andreas S."
van Eekelen den Hertog van Leeuwaarden Distributionally robust appointment scheduling independent service times Production Operations Management 2025,distributionally robust scheduling 2025,YES,123.91576,Distributionally robust appointment scheduling that can deal with independent service times,,2024,10.2139/ssrn.4892477,"van Eekelen, Wouter; den Hertog, Dick; van Leeuwaarden, Johan"
Gupta Denton Appointment scheduling in health care challenges and opportunities IIE Transactions 2008,review,YES,85.12035,Appointment scheduling in health care: Challenges and opportunities,IIE Transactions,2008,10.1080/07408170802165880,"Gupta, Diwakar; Denton, Brian"
Robinson Chen Scheduling doctor's appointments optimal and empirically-based heuristic policies IIE Transactions 2003,heuristic appointment rules,YES,91.45587,Scheduling doctors' appointments: optimal and empirically-based heuristic policies,IIE Transactions,2003,10.1080/07408170304367,"ROBINSON, LAWRENCE W.; CHEN, RACHEL R."
Denton Gupta A sequential bounding approach for optimal appointment scheduling IIE Transactions 2003,stochastic programming,YES,93.8641,A Sequential Bounding Approach for Optimal Appointment Scheduling,IIE Transactions,2003,10.1080/07408170304395,"Denton, Brian; Gupta, Diwakar"
Klassen Yoogalingam Appointment system design with interruptions and patient lateness Omega 2013,Omega appointment scheduling,YES,75.31988,Appointment system design with interruptions and physician lateness,International Journal of Operations &amp; Production Management,2013,10.1108/01443571311307253,"Klassen, Kenneth J.; Yoogalingam, Reena"
Muthuraman Lawley A stochastic overbooking model for outpatient clinical scheduling with no-shows IIE Transactions 2008,overbooking no-shows,YES,103.61849,A stochastic overbooking model for outpatient clinical scheduling with no-shows,IIE Transactions,2008,10.1080/07408170802165823,"Muthuraman, Kumar; Lawley, Mark"
Kaandorp Koole Optimal outpatient appointment scheduling Health Care Management Science 2007,optimal intervals,YES,85.15174,Optimal outpatient appointment scheduling,Health Care Management Science,2007,10.1007/s10729-007-9015-x,"Kaandorp, Guido C.; Koole, Ger"
Begen Queyranne Appointment scheduling with discrete random durations Mathematics of Operations Research 2011,discrete optimization,YES,95.10542,Appointment Scheduling with Discrete Random Durations,Mathematics of Operations Research,2011,10.1287/moor.1110.0489,"Begen, Mehmet A.; Queyranne, Maurice"
Mak Rong Zhang Appointment scheduling with limited distributional information Management Science 2015,DRO appointment scheduling,YES,77.61534,Appointment Scheduling with Limited Distributional Information,Management Science,2015,10.1287/mnsc.2013.1881,"Mak, Ho-Yin; Rong, Ying; Zhang, Jiawei"
Kong Lee Teo Zheng Scheduling arrivals to a stochastic service delivery system using copositive cones Operations Research 2013,conic/DRO scheduling,YES,106.031,Scheduling Arrivals to a Stochastic Service Delivery System Using Copositive Cones,Operations Research,2013,10.1287/opre.2013.1158,"Kong, Qingxia; Lee, Chung-Yee; Teo, Chung-Piaw; Zheng, Zhichao"
Deceuninck Fiems De Vuyst Outpatient scheduling with unpunctual patients and no-shows European Journal of Operational Research 2018,unpunctuality,YES,107.4861,Outpatient scheduling with unpunctual patients and no-shows,European Journal of Operational Research,2018,10.1016/j.ejor.2017.07.006,"Deceuninck, Matthias; Fiems, Dieter; De Vuyst, Stijn"
Hassin Mendel Scheduling arrivals to queues a single-server model with no-shows Management Science 2008,queue arrivals scheduling,YES,95.05033,Scheduling Arrivals to Queues: A Single-Server Model with No-Shows,Management Science,2008,10.1287/mnsc.1070.0802,"Hassin, Refael; Mendel, Sharon"
Wang Fung Dynamic appointment scheduling with patient preferences and choices Industrial and Management 2015,dynamic scheduling,YES,75.5898,Dynamic appointment scheduling with patient preferences and choices,Industrial Management &amp; Data Systems,2015,10.1108/imds-12-2014-0372,"Wang, Jin; Fung, Richard Y.K."
Zacharias Pinedo Appointment scheduling with no-shows and overbooking Production and Operations Management 2014,no-show overbooking,YES,87.931114,Appointment Scheduling with No‐Shows and Overbooking,Production and Operations Management,2014,10.1111/poms.12065,"Zacharias, Christos; Pinedo, Michael"
Berg Denton Erdogan Rohleder Huschka Optimal booking and scheduling in outpatient procedure centers Computers and Operations Research 2014,outpatient procedure scheduling,YES,120.6204,Optimal booking and scheduling in outpatient procedure centers,Computers &amp; Operations Research,2014,10.1016/j.cor.2014.04.007,"Berg, Bjorn P.; Denton, Brian T.; Ayca Erdogan, S.; Rohleder, Thomas"
Chen Robinson Sequencing and scheduling appointments with stochastic service times Operations Research 2014,sequencing stochastic service,YES,47.318604,Sequencing and Scheduling Appointments with Potential Call‐In Patients,Production and Operations Management,2014,10.1111/poms.12168,"Chen, Rachel R.; Robinson, Lawrence W."
Mittal Schulz Optimizing appointment schedules by simulation Optimization Letters 2014,simulation optimization,MAYBE,32.40783,Optimizing Outpatient Appointment Schedules with Particle Swarm Optimization: A Deterministic Modeling Approach,Proceedings of the International Conference on Industrial Engineering and Operations Management,2025,10.46254/ba08.20250310,"Anzum, Kazi Md. Tanvir; Islam, Md. Saiful"
Schulz Appointment scheduling under patient-dependent stochastic service times Omega 2022,Omega stochastic service,MAYBE,38.672356,Appointment scheduling in tandem-type service systems,Omega,2015,10.1016/j.omega.2015.04.009,"Kuiper, Alex; Mandjes, Michel"
Rockafellar Uryasev Optimization of conditional value-at-risk Journal of Risk 2000,CVaR,YES,70.32626,Optimization of conditional value-at-risk,The Journal of Risk,2000,10.21314/jor.2000.038,"Rockafellar, R. Tyrrell; Uryasev, Stanislav"
Bertsimas Sim The price of robustness Operations Research 2004,robust optimization,YES,61.026123,The Price of Robustness,Operations Research,2004,10.1287/opre.1030.0065,"Bertsimas, Dimitris; Sim, Melvyn"
Rahimian Mehrotra Distributionally robust optimization a review Operations Research 2022,DRO review,YES,54.897655,Frameworks and Results in Distributionally Robust Optimization,Open Journal of Mathematical Optimization,2022,10.5802/ojmo.15,"Rahimian, Hamed; Mehrotra, Sanjay"
Pinedo Scheduling Theory Algorithms and Systems,scheduling textbook,YES,42.870243,Selected Scheduling Systems,Scheduling,2011,10.1007/978-1-4614-2361-4_27,"Pinedo, Michael L."
Geng Xie Jiang Optimal outpatient appointment scheduling with unpunctuality optimization European Journal of Operational Research,Omega/EJOR unpunctual scheduling,YES,63.588608,Appointment scheduling and real-time sequencing strategies for patient unpunctuality,European Journal of Operational Research,2021,10.1016/j.ejor.2021.02.055,"Pan, Xingwei; Geng, Na; Xie, Xiaolan"
Ahmadi-Javid Jalali Klassen Outpatient appointment systems in healthcare a review of optimization studies European Journal of Operational Research 2017,review optimization,YES,98.96683,Outpatient appointment systems in healthcare: A review of optimization studies,European Journal of Operational Research,2017,10.1016/j.ejor.2016.06.064,"Ahmadi-Javid, Amir; Jalali, Zahra; Klassen, Kenneth J"
Salzarulo Mahar Bretthauer Appointment scheduling and the impact of service time variability Health Care Management Science 2011,service variability,YES,50.614326,The Impact of Variability and Patient Information on Health Care System Performance,Production and Operations Management,2011,10.1111/j.1937-5956.2010.01210.x,"Salzarulo, Peter A.; Bretthauer, Kurt M.; Côté, Murray J.; Schultz, Kenneth L."
Cayirli Veral Rosen Designing appointment scheduling systems for ambulatory care services Health Care Management Science 2006,design of appointment systems,YES,110.15045,Designing appointment scheduling systems for ambulatory care services,Health Care Management Science,2006,10.1007/s10729-006-6279-5,"Cayirli, Tugba; Veral, Emre; Rosen, Harry"
