spec,policy,p_noshow,arr_sd,E_cost,E_W_mean,E_idle,E_overtime,delta_vs_fixed
gamma_cv10,fixed_mean,0.0,0.0,845.867053090711,22.630143431640935,36.84686042252814,46.634514648213305,0.0
gamma_cv10,tail_aware,0.0,0.0,582.6150582474609,3.598809326677639,223.31183624894035,14.013552974625526,-263.25199484325015
gamma_cv10,fixed_mean,0.0,2.0,855.9573034098538,22.922111286448338,37.18319756855023,46.963784839651574,0.0
gamma_cv10,tail_aware,0.0,2.0,586.4431021146756,3.710012232619345,223.43835889847315,14.133008669574501,-269.51420129517817
gamma_cv10,fixed_mean,0.05,0.0,729.4321023451226,18.628164684805164,45.218732031009914,40.07484886947396,0.0
gamma_cv10,tail_aware,0.05,0.0,594.785927310442,3.1244560523598217,237.39482916431518,13.131293705508547,-134.6461750346806
gamma_cv10,fixed_mean,0.05,2.0,737.5215655407976,18.864734888265605,45.506880462868644,40.28287898354605,0.0
gamma_cv10,tail_aware,0.05,2.0,597.8114337372535,3.213114738914671,237.48379919090272,13.225196594004025,-139.71013180354407
gamma_cv10,fixed_mean,0.1,0.0,634.8372819774478,15.241314365291375,54.39803674306043,34.40088876629286,0.0
gamma_cv10,tail_aware,0.1,0.0,608.6993843992764,2.6993624718422726,251.55284974875363,12.306405373250458,-26.13789757817142
gamma_cv10,fixed_mean,0.1,2.0,642.5833999320537,15.469469716830478,54.7092754244074,34.540378789162254,0.0
gamma_cv10,tail_aware,0.1,2.0,611.0432512831275,2.7708560548330476,251.6082662456251,12.35051857344292,-31.54014864892622
gamma_cv10,fixed_mean,0.2,0.0,501.244523773603,10.001828611946182,75.30536793196747,25.289464775641274,0.0
gamma_cv10,tail_aware,0.2,0.0,640.6661841361923,1.9854724718542864,279.8271781982143,10.723826792067557,139.4216603625893
gamma_cv10,fixed_mean,0.2,2.0,507.286125121826,10.169527057868661,75.66575088024629,25.434405812636772,0.0
gamma_cv10,tail_aware,0.2,2.0,642.4766448194686,2.0355861866657494,279.99146823171844,10.71306137802958,135.19051969764257
lognormal_cv15,fixed_mean,0.0,0.0,1088.6530180682973,29.138930590855185,48.661364725599675,58.5811854457212,0.0
lognormal_cv15,tail_aware,0.0,0.0,952.5357882152534,5.217790515474385,381.77525138238224,16.22578499312865,-136.1172298530439
lognormal_cv15,fixed_mean,0.0,2.0,1097.000165989085,29.380151613725477,48.93055795218169,58.867250836478625,0.0
lognormal_cv15,tail_aware,0.0,2.0,953.8907473848062,5.257602429361543,381.8069657385291,16.274371513450866,-143.10941860427874
lognormal_cv15,fixed_mean,0.05,0.0,959.9068865434641,24.746457615357986,56.94553412141279,51.81104491994946,0.0
lognormal_cv15,tail_aware,0.05,0.0,959.0825535142528,4.571607298348774,395.7875203398983,15.179646941996456,-0.8243330292112887
lognormal_cv15,fixed_mean,0.05,2.0,968.3087274881716,24.985869033796863,57.196635954478054,52.169692282654786,0.0
lognormal_cv15,tail_aware,0.05,2.0,961.4964669825373,4.64277141080915,395.8223866440144,15.284275685116999,-6.812260505634299
lognormal_cv15,fixed_mean,0.1,0.0,852.4359869524754,20.963165533725245,65.88485519229583,45.88565527806322,0.0
lognormal_cv15,tail_aware,0.1,0.0,968.765819516995,4.015191297150676,409.9083891654836,14.246651135753657,116.3298325645195
lognormal_cv15,fixed_mean,0.1,2.0,858.9419286565568,21.14745106220759,66.10753314207844,46.15166525308605,0.0
lognormal_cv15,tail_aware,0.1,2.0,970.1614089545553,4.054488490101429,409.9947245985407,14.268652527215556,111.21948029799853
lognormal_cv15,fixed_mean,0.2,0.0,683.3262308938071,14.693267264446554,85.59196864972499,35.67213783048026,0.0
lognormal_cv15,tail_aware,0.2,0.0,991.8655269804137,3.0348487018592443,437.9841534339678,12.425879528350507,308.53929608660667
lognormal_cv15,fixed_mean,0.2,2.0,687.8565830464581,14.820492094942221,85.7621799721391,35.858730126956615,0.0
lognormal_cv15,tail_aware,0.2,2.0,991.8286219477382,3.026287169367491,438.1358350201844,12.384168413172418,303.97203890128003
pareto_a35,fixed_mean,0.0,0.0,330.9896538920238,8.484272148439612,14.156571014417176,24.074173705000558,0.0
pareto_a35,tail_aware,0.0,0.0,292.04170214500215,1.441852484288735,112.68040634004333,11.712657468126723,-38.94795174702165
pareto_a35,fixed_mean,0.0,2.0,360.11611834469176,9.327764300837616,15.115529461891073,25.02606519789063,0.0
pareto_a35,tail_aware,0.0,2.0,298.31372070438954,1.6247453377679737,112.8802480560878,11.905432229587369,-61.80239764030222
pareto_a35,fixed_mean,0.05,0.0,282.806911346911,6.432995851670537,24.968057115712224,19.94046078268526,0.0
pareto_a35,tail_aware,0.05,0.0,312.9726189166674,1.2347929840180591,126.95111724014583,11.01329745791696,30.165707569756364
pareto_a35,fixed_mean,0.05,2.0,308.013779236978,7.161377181511074,25.830134141930895,20.756097753891975,0.0
pareto_a35,tail_aware,0.05,2.0,318.4021918629467,1.3935958373498207,127.11111394516941,11.186044426056691,10.388412625968726
pareto_a35,fixed_mean,0.1,0.0,255.03457457549908,4.919357925473536,36.82005378193445,16.906864623712035,0.0
pareto_a35,tail_aware,0.1,0.0,334.81732474585164,1.05179915693984,141.27471608170373,10.35695893712449,79.78275017035256
pareto_a35,fixed_mean,0.1,2.0,277.26250368285883,5.559432832029721,37.63390092793547,17.60585843304817,0.0
pareto_a35,tail_aware,0.1,2.0,339.3384980128786,1.1857595104944907,141.40272116945894,10.480135179562964,62.07599433001974
pareto_a35,fixed_mean,0.2,0.0,239.70827463440457,2.952282500928361,62.73171890243469,12.838180900842191,0.0
pareto_a35,tail_aware,0.2,0.0,380.8584602629009,0.7567397824489914,169.98796281328038,9.090170581435176,141.15018562849633
pareto_a35,fixed_mean,0.2,2.0,255.70552525540631,3.403540331237943,63.43960717319097,13.360050485943061,0.0
pareto_a35,tail_aware,0.2,2.0,384.089982182809,0.8505922554927076,170.1246948088911,9.161412450122851,128.3844569274027
