spec,policy,E_W_mean,Q95_W_mean,E_p_wait30,E_idle,E_overtime,P_overtime_gt0,E_cost,regret_abs,regret_rel
gamma_cv10,fixed_mean,22.659,61.31,0.291,36.769,46.754,1.0,846.814,334.623,0.653
gamma_cv10,fixed_conservative,11.195,34.025,0.128,87.499,24.983,1.0,560.815,48.623,0.095
gamma_cv10,quantile,2.816,8.484,0.021,262.031,13.076,1.0,634.697,122.506,0.239
gamma_cv10,opt_uniform,6.985,20.929,0.07,135.107,18.431,1.0,516.624,4.432,0.009
gamma_cv10,opt_nonuniform,6.996,20.59,0.069,133.515,17.621,1.0,512.158,-0.033,-0.0
gamma_cv10,tail_aware,3.677,10.959,0.03,219.701,14.094,1.0,577.901,65.709,0.128
gamma_cv10,dro,7.315,21.968,0.074,129.916,18.905,1.0,517.108,4.916,0.01
gamma_cv10,oracle,6.941,20.396,0.069,134.235,17.752,1.0,512.191,0.0,0.0
lognormal_cv15,fixed_mean,29.249,94.06,0.312,48.575,58.635,1.0,1091.889,346.033,0.464
lognormal_cv15,fixed_conservative,18.639,68.305,0.198,99.992,37.552,1.0,834.243,88.387,0.119
lognormal_cv15,quantile,9.552,36.237,0.099,219.759,22.187,1.0,770.459,24.603,0.033
lognormal_cv15,opt_uniform,11.918,45.231,0.124,173.654,25.86,1.0,756.575,10.719,0.014
lognormal_cv15,opt_nonuniform,11.792,43.516,0.123,170.365,25.658,1.0,745.819,-0.037,-0.0
lognormal_cv15,tail_aware,5.253,20.072,0.053,382.778,16.179,1.0,955.514,209.658,0.281
lognormal_cv15,dro,10.274,38.929,0.107,203.825,23.282,1.0,762.427,16.571,0.022
lognormal_cv15,oracle,11.882,43.955,0.124,169.237,25.454,1.0,745.856,0.0,0.0
mixture_p10_cv10,fixed_mean,21.058,64.172,0.264,34.87,44.83,1.0,791.127,273.151,0.527
mixture_p10_cv10,fixed_conservative,10.968,38.2,0.136,87.622,25.082,1.0,554.462,36.486,0.07
mixture_p10_cv10,quantile,6.628,23.175,0.079,147.211,18.051,1.0,529.35,11.374,0.022
mixture_p10_cv10,class_based,20.456,56.086,0.255,97.371,20.408,1.0,849.236,331.259,0.64
mixture_p10_cv10,opt_uniform,7.574,26.457,0.091,129.61,19.467,1.0,525.36,7.384,0.014
mixture_p10_cv10,opt_nonuniform,7.616,25.995,0.091,125.646,19.134,1.0,518.051,0.075,0.0
mixture_p10_cv10,tail_aware,3.79,13.356,0.043,238.023,14.25,1.0,618.243,100.267,0.194
mixture_p10_cv10,dro,7.525,26.271,0.091,130.428,19.392,1.0,525.386,7.41,0.014
mixture_p10_cv10,oracle,7.657,26.086,0.092,124.512,19.625,1.0,517.976,0.0,0.0
pareto_a35,fixed_mean,8.486,26.793,0.066,14.123,24.078,1.0,330.977,102.973,0.452
pareto_a35,fixed_conservative,2.26,8.273,0.013,75.349,12.803,1.0,244.118,16.115,0.071
pareto_a35,quantile,2.481,9.113,0.014,68.918,13.119,1.0,238.508,10.505,0.046
pareto_a35,opt_uniform,3.362,12.406,0.02,50.511,14.457,1.0,230.79,2.787,0.012
pareto_a35,opt_nonuniform,3.344,12.026,0.019,49.556,14.268,1.0,227.979,-0.024,-0.0
pareto_a35,tail_aware,1.449,5.328,0.008,111.704,11.704,1.0,290.3,62.297,0.273
pareto_a35,dro,1.295,4.774,0.007,122.549,11.507,1.0,306.975,78.972,0.346
pareto_a35,oracle,3.293,11.797,0.019,50.324,14.279,1.0,228.004,0.0,0.0
