citation_key,previous_number,final_number,destination_sections,semantic_anchor
lindley1952,3,11,2. Model,"the finite-horizon Lindley recursion on the lattice of scheduled starts [@lindley1952]. Physician idle time is $I = \sum_{{i=1}}^{{N-1}} \max(0,\, x_i - D_i - S_i)$ and session overtime is $O = D_N + S_N$, the residual work after the scheduled end. The social cost of a session combines waiting, idle time, and overtime, as in established appointment-scheduling formulations [@denton2003;kaandorp2007]:"
soriano1966,4,16,2. Model,"Policies evaluated (Table 2), resting on CVaR and robust-optimization machinery [@rockafellar2000;bertsimas2004;rahimian2022], with general scheduling foundations in Pinedo [@pinedo2011], span: fixed mean-based slots; a conservative fixed slot (mean plus slack) [@soriano1966;robinson2003]; a quantile-based slot; a class-based rule using mixture-component labels where such classes are observable; SAA-optimized uniform and nonuniform intervals; a CVaR-penalized tail-aware uniform interval [@rockafellar2000]; a distributionally robust (DRO) uniform interval hedging across a four-family ambiguity set; and the oracle. The DRO policy uses the worst-case expected-cost principle studied in limited-information appointment scheduling and broader DRO frameworks [@kong2013;mak2015;vaneekelen2024;bauerhenne2026;rahimian2022]."
cayirli2006,6,28,5. Discussion,"Limitations: synthetic service times calibrated in mean and CV; a single-provider, single-session model; punctual arrivals in the base case; specific cost weights and a bounded weight grid; SAA policy optimization that is itself subject to the misspecification we document; a nonexhaustive set of families; and no empirical external validation on measured consultation times. The mechanisms (finite-horizon delay accumulation, scalar-interval sufficiency) plausibly extend to analogous finite-horizon scheduled services — procedure blocks, imaging sessions, service counters — but that generalization is a conjecture, not a result. Validation on measured consultation-time data and multi-provider extensions are natural next steps. These extensions address operational features emphasized in the broader appointment-scheduling literature [@cayirli2003;cayirli2006;gupta2008;ahmadijavid2017;wang2015;klassen2013]."
begen2011,11,24,5. Discussion,"The central finding is a management-science simplicity result: in the studied domain, essentially all attainable improvement over fixed mean-based slots is captured by optimizing a single scalar — the uniform appointment interval — so the operational priority is calibrating that one interval against a well-estimated service-time distribution rather than deploying individualized, CVaR-aware, or distributionally robust machinery. This separates the value of optimization (large: fixed slots leave {fm_rel_N1} of attainable savings unrealized at $N = 30$) from the value of information (upper-tail descriptors determine how large the stakes are) and from scheduling complexity (nearly worthless beyond the scalar interval). This result complements established interval-optimization studies [@denton2003;kaandorp2007;begen2011;berg2014;chen2014;pan2021] by quantifying the marginal value of added schedule complexity in the tested setting."
robinson2003,12,17,2. Model,"Policies evaluated (Table 2), resting on CVaR and robust-optimization machinery [@rockafellar2000;bertsimas2004;rahimian2022], with general scheduling foundations in Pinedo [@pinedo2011], span: fixed mean-based slots; a conservative fixed slot (mean plus slack) [@soriano1966;robinson2003]; a quantile-based slot; a class-based rule using mixture-component labels where such classes are observable; SAA-optimized uniform and nonuniform intervals; a CVaR-penalized tail-aware uniform interval [@rockafellar2000]; a distributionally robust (DRO) uniform interval hedging across a four-family ambiguity set; and the oracle. The DRO policy uses the worst-case expected-cost principle studied in limited-information appointment scheduling and broader DRO frameworks [@kong2013;mak2015;vaneekelen2024;bauerhenne2026;rahimian2022]."
klassen2013,13,30,5. Discussion,"Limitations: synthetic service times calibrated in mean and CV; a single-provider, single-session model; punctual arrivals in the base case; specific cost weights and a bounded weight grid; SAA policy optimization that is itself subject to the misspecification we document; a nonexhaustive set of families; and no empirical external validation on measured consultation times. The mechanisms (finite-horizon delay accumulation, scalar-interval sufficiency) plausibly extend to analogous finite-horizon scheduled services — procedure blocks, imaging sessions, service counters — but that generalization is a conjecture, not a result. Validation on measured consultation-time data and multi-provider extensions are natural next steps. These extensions address operational features emphasized in the broader appointment-scheduling literature [@cayirli2003;cayirli2006;gupta2008;ahmadijavid2017;wang2015;klassen2013]."
deceuninck2018,14,23,3. Computational design,"Operational robustness additionally varies no-show probabilities and arrival jitter, reflecting established appointment models with absences and unpunctuality [@hassin2008;muthuraman2008;zacharias2014;deceuninck2018]. The no-show probabilities are $p \in \{{0, .05, .10, .20\}}$ and arrival jitter has sd 0 or 2 min."
hassin2008,15,20,3. Computational design,"Operational robustness additionally varies no-show probabilities and arrival jitter, reflecting established appointment models with absences and unpunctuality [@hassin2008;muthuraman2008;zacharias2014;deceuninck2018]. The no-show probabilities are $p \in \{{0, .05, .10, .20\}}$ and arrival jitter has sd 0 or 2 min."
muthuraman2008,16,21,3. Computational design,"Operational robustness additionally varies no-show probabilities and arrival jitter, reflecting established appointment models with absences and unpunctuality [@hassin2008;muthuraman2008;zacharias2014;deceuninck2018]. The no-show probabilities are $p \in \{{0, .05, .10, .20\}}$ and arrival jitter has sd 0 or 2 min."
zacharias2014,17,22,3. Computational design,"Operational robustness additionally varies no-show probabilities and arrival jitter, reflecting established appointment models with absences and unpunctuality [@hassin2008;muthuraman2008;zacharias2014;deceuninck2018]. The no-show probabilities are $p \in \{{0, .05, .10, .20\}}$ and arrival jitter has sd 0 or 2 min."
bauerhenne2026,21,19,2. Model,"Policies evaluated (Table 2), resting on CVaR and robust-optimization machinery [@rockafellar2000;bertsimas2004;rahimian2022], with general scheduling foundations in Pinedo [@pinedo2011], span: fixed mean-based slots; a conservative fixed slot (mean plus slack) [@soriano1966;robinson2003]; a quantile-based slot; a class-based rule using mixture-component labels where such classes are observable; SAA-optimized uniform and nonuniform intervals; a CVaR-penalized tail-aware uniform interval [@rockafellar2000]; a distributionally robust (DRO) uniform interval hedging across a four-family ambiguity set; and the oracle. The DRO policy uses the worst-case expected-cost principle studied in limited-information appointment scheduling and broader DRO frameworks [@kong2013;mak2015;vaneekelen2024;bauerhenne2026;rahimian2022]."
