object_type,current_document,current_label,caption_or_reference,first_occurrence,source_file,scientific_role,size_or_complexity,candidate_destination,action,generation_script
reference,main,1,"Bailey NTJ. A study of queues and appointment systems in hospital out-patient departments, with special reference to waiting-times. Journal of the Royal Statistical Society Series B: Statistical Methodology 1952;14(2):185–199. https://doi.org/10.1111/j.2517-6161.1952.tb00112.x.","Outpatient appointment scheduling dates to Bailey [@bailey1952] and Welch and Bailey [@welch1952], with the stochastic core traceable to Lindley [@lindley1952] and early policy comparisons by Soriano [@soriano1966]; modern reviews include Cayirli and Veral [@cayirli2003], Cayirli et al. [@cayirli2006], Gupta and Denton [@gupta2008], and Ahmadi-Javid et al. [@ahmadijavid2017]. Optimal interval design under known stochastic service times is well studied [@denton2003;kaandorp2007;begen2011], as are heuristic rules [@robinson2003], unpunctuality and interruptions [@klassen2013;deceuninck2018], no-shows and overbooking [@hassin2008;muthuraman2008;zacharias2014], and service-time variability [@salzarulo2011]. Distributionally robust and conic designs hedge against limited distributional information [@mak2015;vaneekelen2024;bauerhenne2026].",literature/normalized_references.json,1. Introduction,bailey1952,conceptually relevant section,retain work; review citation placement,scripts/normalize_references.py; scripts/build_manuscript.py
reference,main,2,"Welch JD, Bailey NTJ. Appointment systems in hospital outpatient departments. The Lancet 1952;259(6718):1105–1108. https://doi.org/10.1016/s0140-6736(52)90763-0.","Outpatient appointment scheduling dates to Bailey [@bailey1952] and Welch and Bailey [@welch1952], with the stochastic core traceable to Lindley [@lindley1952] and early policy comparisons by Soriano [@soriano1966]; modern reviews include Cayirli and Veral [@cayirli2003], Cayirli et al. [@cayirli2006], Gupta and Denton [@gupta2008], and Ahmadi-Javid et al. [@ahmadijavid2017]. Optimal interval design under known stochastic service times is well studied [@denton2003;kaandorp2007;begen2011], as are heuristic rules [@robinson2003], unpunctuality and interruptions [@klassen2013;deceuninck2018], no-shows and overbooking [@hassin2008;muthuraman2008;zacharias2014], and service-time variability [@salzarulo2011]. Distributionally robust and conic designs hedge against limited distributional information [@mak2015;vaneekelen2024;bauerhenne2026].",literature/normalized_references.json,1. Introduction,welch1952,conceptually relevant section,retain work; review citation placement,scripts/normalize_references.py; scripts/build_manuscript.py
reference,main,3,Lindley DV. The theory of queues with a single server. Mathematical Proceedings of the Cambridge Philosophical Society 1952;48(2):277–289. https://doi.org/10.1017/s0305004100027638.,"Outpatient appointment scheduling dates to Bailey [@bailey1952] and Welch and Bailey [@welch1952], with the stochastic core traceable to Lindley [@lindley1952] and early policy comparisons by Soriano [@soriano1966]; modern reviews include Cayirli and Veral [@cayirli2003], Cayirli et al. [@cayirli2006], Gupta and Denton [@gupta2008], and Ahmadi-Javid et al. [@ahmadijavid2017]. Optimal interval design under known stochastic service times is well studied [@denton2003;kaandorp2007;begen2011], as are heuristic rules [@robinson2003], unpunctuality and interruptions [@klassen2013;deceuninck2018], no-shows and overbooking [@hassin2008;muthuraman2008;zacharias2014], and service-time variability [@salzarulo2011]. Distributionally robust and conic designs hedge against limited distributional information [@mak2015;vaneekelen2024;bauerhenne2026].",literature/normalized_references.json,1. Introduction; 2. Model,lindley1952,conceptually relevant section,retain work; review citation placement,scripts/normalize_references.py; scripts/build_manuscript.py
reference,main,4,Soriano A. Comparison of two scheduling systems. Operations Research 1966;14(3):388–397. https://doi.org/10.1287/opre.14.3.388.,"Outpatient appointment scheduling dates to Bailey [@bailey1952] and Welch and Bailey [@welch1952], with the stochastic core traceable to Lindley [@lindley1952] and early policy comparisons by Soriano [@soriano1966]; modern reviews include Cayirli and Veral [@cayirli2003], Cayirli et al. [@cayirli2006], Gupta and Denton [@gupta2008], and Ahmadi-Javid et al. [@ahmadijavid2017]. Optimal interval design under known stochastic service times is well studied [@denton2003;kaandorp2007;begen2011], as are heuristic rules [@robinson2003], unpunctuality and interruptions [@klassen2013;deceuninck2018], no-shows and overbooking [@hassin2008;muthuraman2008;zacharias2014], and service-time variability [@salzarulo2011]. Distributionally robust and conic designs hedge against limited distributional information [@mak2015;vaneekelen2024;bauerhenne2026].",literature/normalized_references.json,1. Introduction,soriano1966,conceptually relevant section,retain work; review citation placement,scripts/normalize_references.py; scripts/build_manuscript.py
reference,main,5,"Cayirli T, Veral E. Outpatient scheduling in health care: a review of literature. Production and Operations Management 2003;12(4):519–549. https://doi.org/10.1111/j.1937-5956.2003.tb00218.x.","Outpatient appointment scheduling dates to Bailey [@bailey1952] and Welch and Bailey [@welch1952], with the stochastic core traceable to Lindley [@lindley1952] and early policy comparisons by Soriano [@soriano1966]; modern reviews include Cayirli and Veral [@cayirli2003], Cayirli et al. [@cayirli2006], Gupta and Denton [@gupta2008], and Ahmadi-Javid et al. [@ahmadijavid2017]. Optimal interval design under known stochastic service times is well studied [@denton2003;kaandorp2007;begen2011], as are heuristic rules [@robinson2003], unpunctuality and interruptions [@klassen2013;deceuninck2018], no-shows and overbooking [@hassin2008;muthuraman2008;zacharias2014], and service-time variability [@salzarulo2011]. Distributionally robust and conic designs hedge against limited distributional information [@mak2015;vaneekelen2024;bauerhenne2026].",literature/normalized_references.json,1. Introduction; 5. Discussion,cayirli2003,conceptually relevant section,retain work; review citation placement,scripts/normalize_references.py; scripts/build_manuscript.py
reference,main,6,"Cayirli T, Veral E, Rosen H. Designing appointment scheduling systems for ambulatory care services. Health Care Management Science 2006;9(1):47–58. https://doi.org/10.1007/s10729-006-6279-5.","Outpatient appointment scheduling dates to Bailey [@bailey1952] and Welch and Bailey [@welch1952], with the stochastic core traceable to Lindley [@lindley1952] and early policy comparisons by Soriano [@soriano1966]; modern reviews include Cayirli and Veral [@cayirli2003], Cayirli et al. [@cayirli2006], Gupta and Denton [@gupta2008], and Ahmadi-Javid et al. [@ahmadijavid2017]. Optimal interval design under known stochastic service times is well studied [@denton2003;kaandorp2007;begen2011], as are heuristic rules [@robinson2003], unpunctuality and interruptions [@klassen2013;deceuninck2018], no-shows and overbooking [@hassin2008;muthuraman2008;zacharias2014], and service-time variability [@salzarulo2011]. Distributionally robust and conic designs hedge against limited distributional information [@mak2015;vaneekelen2024;bauerhenne2026].",literature/normalized_references.json,1. Introduction; 5. Discussion,cayirli2006,conceptually relevant section,retain work; review citation placement,scripts/normalize_references.py; scripts/build_manuscript.py
reference,main,7,"Gupta D, Denton B. Appointment scheduling in health care: challenges and opportunities. IIE Transactions 2008;40(9):800–819. https://doi.org/10.1080/07408170802165880.","Outpatient appointment scheduling dates to Bailey [@bailey1952] and Welch and Bailey [@welch1952], with the stochastic core traceable to Lindley [@lindley1952] and early policy comparisons by Soriano [@soriano1966]; modern reviews include Cayirli and Veral [@cayirli2003], Cayirli et al. [@cayirli2006], Gupta and Denton [@gupta2008], and Ahmadi-Javid et al. [@ahmadijavid2017]. Optimal interval design under known stochastic service times is well studied [@denton2003;kaandorp2007;begen2011], as are heuristic rules [@robinson2003], unpunctuality and interruptions [@klassen2013;deceuninck2018], no-shows and overbooking [@hassin2008;muthuraman2008;zacharias2014], and service-time variability [@salzarulo2011]. Distributionally robust and conic designs hedge against limited distributional information [@mak2015;vaneekelen2024;bauerhenne2026].",literature/normalized_references.json,1. Introduction; 5. Discussion,gupta2008,conceptually relevant section,retain work; review citation placement,scripts/normalize_references.py; scripts/build_manuscript.py
reference,main,8,"Ahmadi-Javid A, Jalali Z, Klassen KJ. Outpatient appointment systems in healthcare: a review of optimization studies. European Journal of Operational Research 2017;258(1):3–34. https://doi.org/10.1016/j.ejor.2016.06.064.","Outpatient appointment scheduling dates to Bailey [@bailey1952] and Welch and Bailey [@welch1952], with the stochastic core traceable to Lindley [@lindley1952] and early policy comparisons by Soriano [@soriano1966]; modern reviews include Cayirli and Veral [@cayirli2003], Cayirli et al. [@cayirli2006], Gupta and Denton [@gupta2008], and Ahmadi-Javid et al. [@ahmadijavid2017]. Optimal interval design under known stochastic service times is well studied [@denton2003;kaandorp2007;begen2011], as are heuristic rules [@robinson2003], unpunctuality and interruptions [@klassen2013;deceuninck2018], no-shows and overbooking [@hassin2008;muthuraman2008;zacharias2014], and service-time variability [@salzarulo2011]. Distributionally robust and conic designs hedge against limited distributional information [@mak2015;vaneekelen2024;bauerhenne2026].",literature/normalized_references.json,1. Introduction; 5. Discussion,ahmadijavid2017,conceptually relevant section,retain work; review citation placement,scripts/normalize_references.py; scripts/build_manuscript.py
reference,main,9,"Denton B, Gupta D. A sequential bounding approach for optimal appointment scheduling. IIE Transactions 2003;35(11):1003–1016. https://doi.org/10.1080/07408170304395.","Outpatient appointment scheduling dates to Bailey [@bailey1952] and Welch and Bailey [@welch1952], with the stochastic core traceable to Lindley [@lindley1952] and early policy comparisons by Soriano [@soriano1966]; modern reviews include Cayirli and Veral [@cayirli2003], Cayirli et al. [@cayirli2006], Gupta and Denton [@gupta2008], and Ahmadi-Javid et al. [@ahmadijavid2017]. Optimal interval design under known stochastic service times is well studied [@denton2003;kaandorp2007;begen2011], as are heuristic rules [@robinson2003], unpunctuality and interruptions [@klassen2013;deceuninck2018], no-shows and overbooking [@hassin2008;muthuraman2008;zacharias2014], and service-time variability [@salzarulo2011]. Distributionally robust and conic designs hedge against limited distributional information [@mak2015;vaneekelen2024;bauerhenne2026].",literature/normalized_references.json,1. Introduction; 2. Model; 5. Discussion,denton2003,conceptually relevant section,retain work; review citation placement,scripts/normalize_references.py; scripts/build_manuscript.py
reference,main,10,"Kaandorp GC, Koole G. Optimal outpatient appointment scheduling. Health Care Management Science 2007;10(3):217–229. https://doi.org/10.1007/s10729-007-9015-x.","Outpatient appointment scheduling dates to Bailey [@bailey1952] and Welch and Bailey [@welch1952], with the stochastic core traceable to Lindley [@lindley1952] and early policy comparisons by Soriano [@soriano1966]; modern reviews include Cayirli and Veral [@cayirli2003], Cayirli et al. [@cayirli2006], Gupta and Denton [@gupta2008], and Ahmadi-Javid et al. [@ahmadijavid2017]. Optimal interval design under known stochastic service times is well studied [@denton2003;kaandorp2007;begen2011], as are heuristic rules [@robinson2003], unpunctuality and interruptions [@klassen2013;deceuninck2018], no-shows and overbooking [@hassin2008;muthuraman2008;zacharias2014], and service-time variability [@salzarulo2011]. Distributionally robust and conic designs hedge against limited distributional information [@mak2015;vaneekelen2024;bauerhenne2026].",literature/normalized_references.json,1. Introduction; 2. Model; 5. Discussion,kaandorp2007,conceptually relevant section,retain work; review citation placement,scripts/normalize_references.py; scripts/build_manuscript.py
reference,main,11,"Begen MA, Queyranne M. Appointment scheduling with discrete random durations. Mathematics of Operations Research 2011;36(2):240–257. https://doi.org/10.1287/moor.1110.0489.","Outpatient appointment scheduling dates to Bailey [@bailey1952] and Welch and Bailey [@welch1952], with the stochastic core traceable to Lindley [@lindley1952] and early policy comparisons by Soriano [@soriano1966]; modern reviews include Cayirli and Veral [@cayirli2003], Cayirli et al. [@cayirli2006], Gupta and Denton [@gupta2008], and Ahmadi-Javid et al. [@ahmadijavid2017]. Optimal interval design under known stochastic service times is well studied [@denton2003;kaandorp2007;begen2011], as are heuristic rules [@robinson2003], unpunctuality and interruptions [@klassen2013;deceuninck2018], no-shows and overbooking [@hassin2008;muthuraman2008;zacharias2014], and service-time variability [@salzarulo2011]. Distributionally robust and conic designs hedge against limited distributional information [@mak2015;vaneekelen2024;bauerhenne2026].",literature/normalized_references.json,1. Introduction; 5. Discussion,begen2011,conceptually relevant section,retain work; review citation placement,scripts/normalize_references.py; scripts/build_manuscript.py
reference,main,12,"Robinson LW, Chen RR. Scheduling doctors' appointments: optimal and empirically-based heuristic policies. IIE Transactions 2003;35(3):295–307. https://doi.org/10.1080/07408170304367.","Outpatient appointment scheduling dates to Bailey [@bailey1952] and Welch and Bailey [@welch1952], with the stochastic core traceable to Lindley [@lindley1952] and early policy comparisons by Soriano [@soriano1966]; modern reviews include Cayirli and Veral [@cayirli2003], Cayirli et al. [@cayirli2006], Gupta and Denton [@gupta2008], and Ahmadi-Javid et al. [@ahmadijavid2017]. Optimal interval design under known stochastic service times is well studied [@denton2003;kaandorp2007;begen2011], as are heuristic rules [@robinson2003], unpunctuality and interruptions [@klassen2013;deceuninck2018], no-shows and overbooking [@hassin2008;muthuraman2008;zacharias2014], and service-time variability [@salzarulo2011]. Distributionally robust and conic designs hedge against limited distributional information [@mak2015;vaneekelen2024;bauerhenne2026].",literature/normalized_references.json,1. Introduction,robinson2003,conceptually relevant section,retain work; review citation placement,scripts/normalize_references.py; scripts/build_manuscript.py
reference,main,13,"Klassen KJ, Yoogalingam R. Appointment system design with interruptions and physician lateness. International Journal of Operations & Production Management 2013;33(4):394–414. https://doi.org/10.1108/01443571311307253.","Outpatient appointment scheduling dates to Bailey [@bailey1952] and Welch and Bailey [@welch1952], with the stochastic core traceable to Lindley [@lindley1952] and early policy comparisons by Soriano [@soriano1966]; modern reviews include Cayirli and Veral [@cayirli2003], Cayirli et al. [@cayirli2006], Gupta and Denton [@gupta2008], and Ahmadi-Javid et al. [@ahmadijavid2017]. Optimal interval design under known stochastic service times is well studied [@denton2003;kaandorp2007;begen2011], as are heuristic rules [@robinson2003], unpunctuality and interruptions [@klassen2013;deceuninck2018], no-shows and overbooking [@hassin2008;muthuraman2008;zacharias2014], and service-time variability [@salzarulo2011]. Distributionally robust and conic designs hedge against limited distributional information [@mak2015;vaneekelen2024;bauerhenne2026].",literature/normalized_references.json,1. Introduction,klassen2013,conceptually relevant section,retain work; review citation placement,scripts/normalize_references.py; scripts/build_manuscript.py
reference,main,14,"Deceuninck M, Fiems D, De Vuyst S. Outpatient scheduling with unpunctual patients and no-shows. European Journal of Operational Research 2018;265(1):195–207. https://doi.org/10.1016/j.ejor.2017.07.006.","Outpatient appointment scheduling dates to Bailey [@bailey1952] and Welch and Bailey [@welch1952], with the stochastic core traceable to Lindley [@lindley1952] and early policy comparisons by Soriano [@soriano1966]; modern reviews include Cayirli and Veral [@cayirli2003], Cayirli et al. [@cayirli2006], Gupta and Denton [@gupta2008], and Ahmadi-Javid et al. [@ahmadijavid2017]. Optimal interval design under known stochastic service times is well studied [@denton2003;kaandorp2007;begen2011], as are heuristic rules [@robinson2003], unpunctuality and interruptions [@klassen2013;deceuninck2018], no-shows and overbooking [@hassin2008;muthuraman2008;zacharias2014], and service-time variability [@salzarulo2011]. Distributionally robust and conic designs hedge against limited distributional information [@mak2015;vaneekelen2024;bauerhenne2026].",literature/normalized_references.json,1. Introduction; 3. Computational design,deceuninck2018,conceptually relevant section,retain work; review citation placement,scripts/normalize_references.py; scripts/build_manuscript.py
reference,main,15,"Hassin R, Mendel S. Scheduling arrivals to queues: a single-server model with no-shows. Management Science 2008;54(3):565–572. https://doi.org/10.1287/mnsc.1070.0802.","Outpatient appointment scheduling dates to Bailey [@bailey1952] and Welch and Bailey [@welch1952], with the stochastic core traceable to Lindley [@lindley1952] and early policy comparisons by Soriano [@soriano1966]; modern reviews include Cayirli and Veral [@cayirli2003], Cayirli et al. [@cayirli2006], Gupta and Denton [@gupta2008], and Ahmadi-Javid et al. [@ahmadijavid2017]. Optimal interval design under known stochastic service times is well studied [@denton2003;kaandorp2007;begen2011], as are heuristic rules [@robinson2003], unpunctuality and interruptions [@klassen2013;deceuninck2018], no-shows and overbooking [@hassin2008;muthuraman2008;zacharias2014], and service-time variability [@salzarulo2011]. Distributionally robust and conic designs hedge against limited distributional information [@mak2015;vaneekelen2024;bauerhenne2026].",literature/normalized_references.json,1. Introduction; 3. Computational design,hassin2008,conceptually relevant section,retain work; review citation placement,scripts/normalize_references.py; scripts/build_manuscript.py
reference,main,16,"Muthuraman K, Lawley M. A stochastic overbooking model for outpatient clinical scheduling with no-shows. IIE Transactions 2008;40(9):820–837. https://doi.org/10.1080/07408170802165823.","Outpatient appointment scheduling dates to Bailey [@bailey1952] and Welch and Bailey [@welch1952], with the stochastic core traceable to Lindley [@lindley1952] and early policy comparisons by Soriano [@soriano1966]; modern reviews include Cayirli and Veral [@cayirli2003], Cayirli et al. [@cayirli2006], Gupta and Denton [@gupta2008], and Ahmadi-Javid et al. [@ahmadijavid2017]. Optimal interval design under known stochastic service times is well studied [@denton2003;kaandorp2007;begen2011], as are heuristic rules [@robinson2003], unpunctuality and interruptions [@klassen2013;deceuninck2018], no-shows and overbooking [@hassin2008;muthuraman2008;zacharias2014], and service-time variability [@salzarulo2011]. Distributionally robust and conic designs hedge against limited distributional information [@mak2015;vaneekelen2024;bauerhenne2026].",literature/normalized_references.json,1. Introduction; 3. Computational design,muthuraman2008,conceptually relevant section,retain work; review citation placement,scripts/normalize_references.py; scripts/build_manuscript.py
reference,main,17,"Zacharias C, Pinedo M. Appointment scheduling with no-shows and overbooking. Production and Operations Management 2014;23(5):788–801. https://doi.org/10.1111/poms.12065.","Outpatient appointment scheduling dates to Bailey [@bailey1952] and Welch and Bailey [@welch1952], with the stochastic core traceable to Lindley [@lindley1952] and early policy comparisons by Soriano [@soriano1966]; modern reviews include Cayirli and Veral [@cayirli2003], Cayirli et al. [@cayirli2006], Gupta and Denton [@gupta2008], and Ahmadi-Javid et al. [@ahmadijavid2017]. Optimal interval design under known stochastic service times is well studied [@denton2003;kaandorp2007;begen2011], as are heuristic rules [@robinson2003], unpunctuality and interruptions [@klassen2013;deceuninck2018], no-shows and overbooking [@hassin2008;muthuraman2008;zacharias2014], and service-time variability [@salzarulo2011]. Distributionally robust and conic designs hedge against limited distributional information [@mak2015;vaneekelen2024;bauerhenne2026].",literature/normalized_references.json,1. Introduction,zacharias2014,conceptually relevant section,retain work; review citation placement,scripts/normalize_references.py; scripts/build_manuscript.py
reference,main,18,"Salzarulo PA, Bretthauer KM, Côté MJ, Schultz KL. The impact of variability and patient information on health care system performance. Production and Operations Management 2011;20(6):848–859. https://doi.org/10.1111/j.1937-5956.2010.01210.x.","Outpatient appointment scheduling dates to Bailey [@bailey1952] and Welch and Bailey [@welch1952], with the stochastic core traceable to Lindley [@lindley1952] and early policy comparisons by Soriano [@soriano1966]; modern reviews include Cayirli and Veral [@cayirli2003], Cayirli et al. [@cayirli2006], Gupta and Denton [@gupta2008], and Ahmadi-Javid et al. [@ahmadijavid2017]. Optimal interval design under known stochastic service times is well studied [@denton2003;kaandorp2007;begen2011], as are heuristic rules [@robinson2003], unpunctuality and interruptions [@klassen2013;deceuninck2018], no-shows and overbooking [@hassin2008;muthuraman2008;zacharias2014], and service-time variability [@salzarulo2011]. Distributionally robust and conic designs hedge against limited distributional information [@mak2015;vaneekelen2024;bauerhenne2026].",literature/normalized_references.json,1. Introduction,salzarulo2011,conceptually relevant section,retain work; review citation placement,scripts/normalize_references.py; scripts/build_manuscript.py
reference,main,19,"Mak HY, Rong Y, Zhang J. Appointment scheduling with limited distributional information. Management Science 2015;61(2):316–334. https://doi.org/10.1287/mnsc.2013.1881.","Outpatient appointment scheduling dates to Bailey [@bailey1952] and Welch and Bailey [@welch1952], with the stochastic core traceable to Lindley [@lindley1952] and early policy comparisons by Soriano [@soriano1966]; modern reviews include Cayirli and Veral [@cayirli2003], Cayirli et al. [@cayirli2006], Gupta and Denton [@gupta2008], and Ahmadi-Javid et al. [@ahmadijavid2017]. Optimal interval design under known stochastic service times is well studied [@denton2003;kaandorp2007;begen2011], as are heuristic rules [@robinson2003], unpunctuality and interruptions [@klassen2013;deceuninck2018], no-shows and overbooking [@hassin2008;muthuraman2008;zacharias2014], and service-time variability [@salzarulo2011]. Distributionally robust and conic designs hedge against limited distributional information [@mak2015;vaneekelen2024;bauerhenne2026].",literature/normalized_references.json,1. Introduction; 2. Model; 5. Discussion,mak2015,conceptually relevant section,retain work; review citation placement,scripts/normalize_references.py; scripts/build_manuscript.py
reference,main,20,"van Eekelen W, den Hertog D, van Leeuwaarden J. Distributionally robust appointment scheduling that can deal with independent service times. SSRN preprint; 2024. https://doi.org/10.2139/ssrn.4892477.","Outpatient appointment scheduling dates to Bailey [@bailey1952] and Welch and Bailey [@welch1952], with the stochastic core traceable to Lindley [@lindley1952] and early policy comparisons by Soriano [@soriano1966]; modern reviews include Cayirli and Veral [@cayirli2003], Cayirli et al. [@cayirli2006], Gupta and Denton [@gupta2008], and Ahmadi-Javid et al. [@ahmadijavid2017]. Optimal interval design under known stochastic service times is well studied [@denton2003;kaandorp2007;begen2011], as are heuristic rules [@robinson2003], unpunctuality and interruptions [@klassen2013;deceuninck2018], no-shows and overbooking [@hassin2008;muthuraman2008;zacharias2014], and service-time variability [@salzarulo2011]. Distributionally robust and conic designs hedge against limited distributional information [@mak2015;vaneekelen2024;bauerhenne2026].",literature/normalized_references.json,1. Introduction; 2. Model,vaneekelen2024,conceptually relevant section,retain work; review citation placement,scripts/normalize_references.py; scripts/build_manuscript.py
reference,main,21,"Bauerhenne C, Kolisch R, Schulz AS. Robust appointment scheduling with waiting time guarantees. Manufacturing & Service Operations Management 2026;28(3):995–1009. https://doi.org/10.1287/msom.2024.0852.","Outpatient appointment scheduling dates to Bailey [@bailey1952] and Welch and Bailey [@welch1952], with the stochastic core traceable to Lindley [@lindley1952] and early policy comparisons by Soriano [@soriano1966]; modern reviews include Cayirli and Veral [@cayirli2003], Cayirli et al. [@cayirli2006], Gupta and Denton [@gupta2008], and Ahmadi-Javid et al. [@ahmadijavid2017]. Optimal interval design under known stochastic service times is well studied [@denton2003;kaandorp2007;begen2011], as are heuristic rules [@robinson2003], unpunctuality and interruptions [@klassen2013;deceuninck2018], no-shows and overbooking [@hassin2008;muthuraman2008;zacharias2014], and service-time variability [@salzarulo2011]. Distributionally robust and conic designs hedge against limited distributional information [@mak2015;vaneekelen2024;bauerhenne2026].",literature/normalized_references.json,1. Introduction; 2. Model,bauerhenne2026,conceptually relevant section,retain work; review citation placement,scripts/normalize_references.py; scripts/build_manuscript.py
reference,main,22,"Rockafellar RT, Uryasev S. Optimization of conditional value-at-risk. The Journal of Risk 2000;2(3):21–41. https://doi.org/10.21314/jor.2000.038.","Policies evaluated (Table 2), resting on CVaR and robust-optimization machinery [@rockafellar2000;bertsimas2004;rahimian2022], with general scheduling foundations in Pinedo [@pinedo2011], span: fixed mean-based slots; a conservative fixed slot (mean plus slack); a quantile-based slot; a class-based rule using mixture-component labels where such classes are observable; SAA-optimized uniform and nonuniform intervals; a CVaR-penalized tail-aware uniform interval [@rockafellar2000]; a distributionally robust (DRO) uniform interval hedging across a four-family ambiguity set; and the oracle. The DRO policy uses the worst-case expected-cost principle studied in limited-information appointment scheduling and broader DRO frameworks [@kong2013;mak2015;vaneekelen2024;bauerhenne2026;rahimian2022].",literature/normalized_references.json,2. Model,rockafellar2000,conceptually relevant section,retain work; review citation placement,scripts/normalize_references.py; scripts/build_manuscript.py
reference,main,23,"Bertsimas D, Sim M. The price of robustness. Operations Research 2004;52(1):35–53. https://doi.org/10.1287/opre.1030.0065.","Policies evaluated (Table 2), resting on CVaR and robust-optimization machinery [@rockafellar2000;bertsimas2004;rahimian2022], with general scheduling foundations in Pinedo [@pinedo2011], span: fixed mean-based slots; a conservative fixed slot (mean plus slack); a quantile-based slot; a class-based rule using mixture-component labels where such classes are observable; SAA-optimized uniform and nonuniform intervals; a CVaR-penalized tail-aware uniform interval [@rockafellar2000]; a distributionally robust (DRO) uniform interval hedging across a four-family ambiguity set; and the oracle. The DRO policy uses the worst-case expected-cost principle studied in limited-information appointment scheduling and broader DRO frameworks [@kong2013;mak2015;vaneekelen2024;bauerhenne2026;rahimian2022].",literature/normalized_references.json,2. Model,bertsimas2004,conceptually relevant section,retain work; review citation placement,scripts/normalize_references.py; scripts/build_manuscript.py
reference,main,24,"Rahimian H, Mehrotra S. Frameworks and results in distributionally robust optimization. Open Journal of Mathematical Optimization 2022;3:1–85. https://doi.org/10.5802/ojmo.15.","Policies evaluated (Table 2), resting on CVaR and robust-optimization machinery [@rockafellar2000;bertsimas2004;rahimian2022], with general scheduling foundations in Pinedo [@pinedo2011], span: fixed mean-based slots; a conservative fixed slot (mean plus slack); a quantile-based slot; a class-based rule using mixture-component labels where such classes are observable; SAA-optimized uniform and nonuniform intervals; a CVaR-penalized tail-aware uniform interval [@rockafellar2000]; a distributionally robust (DRO) uniform interval hedging across a four-family ambiguity set; and the oracle. The DRO policy uses the worst-case expected-cost principle studied in limited-information appointment scheduling and broader DRO frameworks [@kong2013;mak2015;vaneekelen2024;bauerhenne2026;rahimian2022].",literature/normalized_references.json,2. Model; 5. Discussion,rahimian2022,conceptually relevant section,retain work; review citation placement,scripts/normalize_references.py; scripts/build_manuscript.py
reference,main,25,Pinedo ML. Selected scheduling systems. In: Scheduling. Springer US; 2011. p. 611–613. https://doi.org/10.1007/978-1-4614-2361-4_27.,"Policies evaluated (Table 2), resting on CVaR and robust-optimization machinery [@rockafellar2000;bertsimas2004;rahimian2022], with general scheduling foundations in Pinedo [@pinedo2011], span: fixed mean-based slots; a conservative fixed slot (mean plus slack); a quantile-based slot; a class-based rule using mixture-component labels where such classes are observable; SAA-optimized uniform and nonuniform intervals; a CVaR-penalized tail-aware uniform interval [@rockafellar2000]; a distributionally robust (DRO) uniform interval hedging across a four-family ambiguity set; and the oracle. The DRO policy uses the worst-case expected-cost principle studied in limited-information appointment scheduling and broader DRO frameworks [@kong2013;mak2015;vaneekelen2024;bauerhenne2026;rahimian2022].",literature/normalized_references.json,2. Model,pinedo2011,conceptually relevant section,retain work; review citation placement,scripts/normalize_references.py; scripts/build_manuscript.py
reference,main,26,"Kong Q, Lee CY, Teo CP, Zheng Z. Scheduling arrivals to a stochastic service delivery system using copositive cones. Operations Research 2013;61(3):711–726. https://doi.org/10.1287/opre.2013.1158.","Policies evaluated (Table 2), resting on CVaR and robust-optimization machinery [@rockafellar2000;bertsimas2004;rahimian2022], with general scheduling foundations in Pinedo [@pinedo2011], span: fixed mean-based slots; a conservative fixed slot (mean plus slack); a quantile-based slot; a class-based rule using mixture-component labels where such classes are observable; SAA-optimized uniform and nonuniform intervals; a CVaR-penalized tail-aware uniform interval [@rockafellar2000]; a distributionally robust (DRO) uniform interval hedging across a four-family ambiguity set; and the oracle. The DRO policy uses the worst-case expected-cost principle studied in limited-information appointment scheduling and broader DRO frameworks [@kong2013;mak2015;vaneekelen2024;bauerhenne2026;rahimian2022].",literature/normalized_references.json,2. Model; 5. Discussion,kong2013,conceptually relevant section,retain work; review citation placement,scripts/normalize_references.py; scripts/build_manuscript.py
reference,main,27,"Berg BP, Denton BT, Ayca Erdogan S, Rohleder T, Huschka T. Optimal booking and scheduling in outpatient procedure centers. Computers & Operations Research 2014;50:24–37. https://doi.org/10.1016/j.cor.2014.04.007.","The central finding is a management-science simplicity result: in the studied domain, essentially all attainable improvement over fixed mean-based slots is captured by optimizing a single scalar — the uniform appointment interval — so the operational priority is calibrating that one interval against a well-estimated service-time distribution rather than deploying individualized, CVaR-aware, or distributionally robust machinery. This separates the value of optimization (large: fixed slots leave {fm_rel_N1} of attainable savings unrealized at $N = 30$) from the value of information (upper-tail descriptors determine how large the stakes are) and from scheduling complexity (nearly worthless beyond the scalar interval). This result complements established interval-optimization studies [@denton2003;kaandorp2007;begen2011;berg2014;chen2014;pan2021] by quantifying the marginal value of added schedule complexity in the tested setting.",literature/normalized_references.json,5. Discussion,berg2014,conceptually relevant section,retain work; review citation placement,scripts/normalize_references.py; scripts/build_manuscript.py
reference,main,28,"Chen RR, Robinson LW. Sequencing and scheduling appointments with potential call-in patients. Production and Operations Management 2014;23(9):1522–1538. https://doi.org/10.1111/poms.12168.","The central finding is a management-science simplicity result: in the studied domain, essentially all attainable improvement over fixed mean-based slots is captured by optimizing a single scalar — the uniform appointment interval — so the operational priority is calibrating that one interval against a well-estimated service-time distribution rather than deploying individualized, CVaR-aware, or distributionally robust machinery. This separates the value of optimization (large: fixed slots leave {fm_rel_N1} of attainable savings unrealized at $N = 30$) from the value of information (upper-tail descriptors determine how large the stakes are) and from scheduling complexity (nearly worthless beyond the scalar interval). This result complements established interval-optimization studies [@denton2003;kaandorp2007;begen2011;berg2014;chen2014;pan2021] by quantifying the marginal value of added schedule complexity in the tested setting.",literature/normalized_references.json,5. Discussion,chen2014,conceptually relevant section,retain work; review citation placement,scripts/normalize_references.py; scripts/build_manuscript.py
reference,main,29,"Pan X, Geng N, Xie X. Appointment scheduling and real-time sequencing strategies for patient unpunctuality. European Journal of Operational Research 2021;295(1):246–260. https://doi.org/10.1016/j.ejor.2021.02.055.","The central finding is a management-science simplicity result: in the studied domain, essentially all attainable improvement over fixed mean-based slots is captured by optimizing a single scalar — the uniform appointment interval — so the operational priority is calibrating that one interval against a well-estimated service-time distribution rather than deploying individualized, CVaR-aware, or distributionally robust machinery. This separates the value of optimization (large: fixed slots leave {fm_rel_N1} of attainable savings unrealized at $N = 30$) from the value of information (upper-tail descriptors determine how large the stakes are) and from scheduling complexity (nearly worthless beyond the scalar interval). This result complements established interval-optimization studies [@denton2003;kaandorp2007;begen2011;berg2014;chen2014;pan2021] by quantifying the marginal value of added schedule complexity in the tested setting.",literature/normalized_references.json,5. Discussion,pan2021,conceptually relevant section,retain work; review citation placement,scripts/normalize_references.py; scripts/build_manuscript.py
reference,main,30,"Wang J, Fung RYK. Dynamic appointment scheduling with patient preferences and choices. Industrial Management & Data Systems 2015;115(4):700–717. https://doi.org/10.1108/imds-12-2014-0372.","Limitations: synthetic service times calibrated in mean and CV; a single-provider, single-session model; punctual arrivals in the base case; specific cost weights and a bounded weight grid; SAA policy optimization that is itself subject to the misspecification we document; a nonexhaustive set of families; and no empirical external validation on measured consultation times. The mechanisms (finite-horizon delay accumulation, scalar-interval sufficiency) plausibly extend to analogous finite-horizon scheduled services — procedure blocks, imaging sessions, service counters — but that generalization is a conjecture, not a result. Validation on measured consultation-time data and multi-provider extensions are natural next steps. These extensions address operational features emphasized in the broader appointment-scheduling literature [@cayirli2003;cayirli2006;gupta2008;ahmadijavid2017;wang2015].",literature/normalized_references.json,5. Discussion,wang2015,conceptually relevant section,retain work; review citation placement,scripts/normalize_references.py; scripts/build_manuscript.py
figure,main,Figure 1.,Same-mean ($E[S]=10$ min) service-time distributions with different upper tails (survival functions).,"Service-time families are parameterized so that $E[S] = 10$ min for every spec (Table 1, Fig. 1): gamma, Weibull, and lognormal at $\mathrm{{CV}} = 0.5\text{{--}}2.0$, gamma-gamma mixtures with a long-consultation component, and Pareto type I with tail index $\alpha \in \{{2.5, 3.5\}}$ — the only genuinely heavy-tailed cases here (infinite fourth moment for $\alpha = 2.5$). We use ""heavy-tailed"" only for the Pareto cases; the skewed finite-moment families are described as right-skewed or long-tailed throughout.",figures/fig1_same_mean_tails.png,same_mean_tails,1164 x 639 pixels; single compact plot,main,retain; renumber after migration,scripts/make_figures.py; scripts/make_inline_docx.py; scripts/make_supplement.py
figure,main,Figure 2.,Finite-session delay propagation under fixed mean-based slots ($x = E[S]$).,"With identical $E[S]$, mean waiting under fixed slots differs sharply across families (Fig. 1; Fig. 2): for lognormal service at $\mathrm{{CV}} = 1.5$, mean waiting per patient is {fm_wait_ln15:.1f} min and {fm_wait30_ln15} of patients wait over 30 min, versus a fraction of that for gamma at the same CV and identical mean (Table 3). Fixed mean-based slots incur {fm_regret_min}–{fm_regret_max} relative regret versus the oracle across the ten service-time specs at $N = 30$ (the specification range, not a scenario mean); absolute regret rises roughly linearly in CV (gamma at $N = 30$: {fm_abs_cv0:.0f} cost units at $\mathrm{{CV}} = 0.25$, {fm_abs_cv1:.0f} at $\mathrm{{CV}} = 2.0$), while relative regret is nearly flat in CV but steeply increasing in session size (scenario-mean relative regret {fm_rel_N0} at $N = 20$, {fm_rel_N1} at $N = 30$, {fm_rel_N2} at $N = 50$). The finding is not that fixed slots fail only beyond a variance threshold: they leave a quarter to a half of attainable savings unclaimed across the whole design grid, and the loss is largest where sessions are longest and upper quantiles are fat relative to the mean.",figures/fig2_delay_propagation.png,delay_propagation,1141 x 639 pixels; single compact plot,main,retain; renumber after migration,scripts/make_figures.py; scripts/make_inline_docx.py; scripts/make_supplement.py
figure,main,Figure 3.,"Fixed mean-based slot relative regret across families and CV, by session size $N$.","Two descriptors drive the penalty map (Fig. 3): the coefficient of variation sets the absolute stakes — the unrecovered cost of mean-based slots rises approximately linearly in CV within each family — while family identity at fixed CV ranks by the $\mathrm{{Q}}_{{95}}/\mathrm{{mean}}$ ratio, so that gamma $\mathrm{{CV}} = 1.5$ and lognormal $\mathrm{{CV}} = 1.5$ with identical mean and CV still differ materially in regret. Session size amplifies the relative burden because a longer session gives delay cascades more positions over which to accumulate.",figures/fig3_regret_surface.png,regret_surface,1207 x 599 pixels; single compact plot,main,retain; renumber after migration,scripts/make_figures.py; scripts/make_inline_docx.py; scripts/make_supplement.py
figure,main,Figure 4.,True x assumed distribution matrix: excess cost of misspecification.,"Optimizing the interval under a wrongly assumed family is not free insurance (Fig. 4): the worst off-diagonal cell adds {mis_max:.0f} cost units relative to the correctly specified design — more than the gap between fixed slots and the oracle for several true distributions. Under-designing (assuming a lower-CV family than the truth) is consistently worse than over-designing. With moment-fitted gamma designs, median estimation regret is already small at $n = 250$ ({est250:.2f} cost units; Q90 {est250q:.2f}) versus $n = 50$ ({est50:.2f}); the gains from $n$ beyond ~500 are minor for light-tailed families. The exception is the genuinely heavy-tailed Pareto $\alpha = 2.5$ case, where the Q90 estimation regret stays flat around {pareto_est_q90:.0f} cost units even at $n = 1{{,}}000$ — tail-aware design remains unreliable there no matter how much history is available, because the sampling variability of the fitted CV does not decay in the usual way.",figures/fig4_misspec_matrix.png,misspec_matrix,1240 x 994 pixels; single compact plot,main,retain; renumber after migration,scripts/make_figures.py; scripts/make_inline_docx.py; scripts/make_supplement.py
figure,main,Figure 5.,Waiting vs idle+overtime trade-off under the uniform-interval sweep.,"The SAA-optimized uniform interval is the workhorse: mean relative regret {uni_mean} and maximum {uni_regret_max} across all ten service-time specs versus oracle, and within 5% of oracle in every studied scenario (Table 4). Nonuniform position-dependent intervals recover essentially the remaining gap — the incremental saving over the optimized uniform interval is only {nonunif_inc_min:.1f}–{nonunif_inc_max:.1f}% of session cost — while the DRO uniform interval and the CVaR-penalized tail-aware design are farther from the oracle in expected cost (the CVaR design optimizes a different objective, trading expected cost for worst-quantile protection; it is not a failure of the method). Class-based rules help only where observable classes exist (mixture specs). We stress that near-oracle performance of the uniform interval reflects the value of scalar optimization under a known or estimated family, not distributionally robust behavior per se; the misspecification study in Section 4.3 is what measures model risk. Conservative fixed slots (mean + 25%) recover much of the gap but at materially higher idle time. The interval sweep traces the waiting–idle/overtime frontier (Fig. 5); all optimized policies sit on or near that frontier, so the choice reduces to where on the frontier the cost weights place the clinic. The pattern is stable under cost weights ranging (1,1,1) to (1,2,6): the optimized uniform interval's maximum regret stays at or below {ws_uni_max} across the weight grid. Under no-shows up to 20% and arrival jitter, policy orderings weaken as expected — the CVaR tail-aware design beats the mean-based rule in {rob_frac_ns} of disrupted conditions at 10% no-shows and in none at 20% — because disruptions themselves add service-time noise and lower effective load, narrowing the gap between policies.",figures/fig5_pareto.png,pareto,1788 x 623 pixels; single compact plot,main,retain; renumber after migration,scripts/make_figures.py; scripts/make_inline_docx.py; scripts/make_supplement.py
figure,main,Figure 6.,Delay cascade from a single injected 45-min consultation.,A single 45-min consultation injected mid-session produces a delay cascade lasting {cascade_len} subsequent appointments and {cascade_cum:.0f} min of extra cumulative waiting (Fig. 6). Early-session shocks are costlier in aggregate waiting; end-of-session shocks convert to overtime instead.,figures/fig6_cascade.png,cascade,971 x 573 pixels; single compact plot,main,retain; renumber after migration,scripts/make_figures.py; scripts/make_inline_docx.py; scripts/make_supplement.py
figure,main,Figure 7.,"Value-of-optimization map (bubble size = fixed-slot relative regret, $N=30$).","Plotting fixed-slot regret over (CV, $\mathrm{{Q}}_{{95}}/\mathrm{{mean}}$) for each family yields a compact map of where optimization value concentrates (Fig. 7): there is no corner of the explored space where mean-based slots are competitive, and the benefit of optimization rises sharply with session size and tail ratio — exactly where a clinic should adopt the one-parameter optimized uniform interval. Because the optimized uniform interval already sits at the oracle boundary across the map, the map prescribes where to optimize, not which of several complex policies to choose.",figures/fig7_decision_map.png,decision_map,1087 x 669 pixels; single compact plot,main,retain; renumber after migration,scripts/make_figures.py; scripts/make_inline_docx.py; scripts/make_supplement.py
table,main,Table 1,Model and simulation design.,"with baseline weights $(c_w, c_i, c_o) = (1, 2, 2)$ reflecting that physician idle and overtime minutes are costlier than patient waiting minutes; all conclusions are rechecked under alternative weightings. A policy $\pi$ maps available information to the interval vector $x$. The oracle $\pi^*$ optimizes a piecewise-constant interval vector under the true distribution by sample average approximation (SAA); regret is $R(\pi) = C(\pi) - C(\pi^*)$ and relative regret $R(\pi)/C(\pi^*)$ (Table 1).",results/processed/table1_design.csv,Model and simulation design.,9 rows x 2 columns,main,retain,scripts/make_tables.py; scripts/make_inline_docx.py
table,main,Table 2,Scheduling policies and information requirements.,"Policies evaluated (Table 2), resting on CVaR and robust-optimization machinery [@rockafellar2000;bertsimas2004;rahimian2022], with general scheduling foundations in Pinedo [@pinedo2011], span: fixed mean-based slots; a conservative fixed slot (mean plus slack); a quantile-based slot; a class-based rule using mixture-component labels where such classes are observable; SAA-optimized uniform and nonuniform intervals; a CVaR-penalized tail-aware uniform interval [@rockafellar2000]; a distributionally robust (DRO) uniform interval hedging across a four-family ambiguity set; and the oracle. The DRO policy uses the worst-case expected-cost principle studied in limited-information appointment scheduling and broader DRO frameworks [@kong2013;mak2015;vaneekelen2024;bauerhenne2026;rahimian2022].",results/processed/table2_policies.csv,Scheduling policies and information requirements.,9 rows x 4 columns,main,retain,scripts/make_tables.py; scripts/make_inline_docx.py
table,main,Table 3,Representative policy performance and regret (focal specs).,"With identical $E[S]$, mean waiting under fixed slots differs sharply across families (Fig. 1; Fig. 2): for lognormal service at $\mathrm{{CV}} = 1.5$, mean waiting per patient is {fm_wait_ln15:.1f} min and {fm_wait30_ln15} of patients wait over 30 min, versus a fraction of that for gamma at the same CV and identical mean (Table 3). Fixed mean-based slots incur {fm_regret_min}–{fm_regret_max} relative regret versus the oracle across the ten service-time specs at $N = 30$ (the specification range, not a scenario mean); absolute regret rises roughly linearly in CV (gamma at $N = 30$: {fm_abs_cv0:.0f} cost units at $\mathrm{{CV}} = 0.25$, {fm_abs_cv1:.0f} at $\mathrm{{CV}} = 2.0$), while relative regret is nearly flat in CV but steeply increasing in session size (scenario-mean relative regret {fm_rel_N0} at $N = 20$, {fm_rel_N1} at $N = 30$, {fm_rel_N2} at $N = 50$). The finding is not that fixed slots fail only beyond a variance threshold: they leave a quarter to a half of attainable savings unclaimed across the whole design grid, and the loss is largest where sessions are longest and upper quantiles are fat relative to the mean.",results/processed/table3_performance.csv,Representative policy performance and regret (focal specs).,8 rows x 7 columns,main,retain,scripts/make_tables.py; scripts/make_inline_docx.py
table,main,Table 4,Policy complexity vs benefit summary.,"The SAA-optimized uniform interval is the workhorse: mean relative regret {uni_mean} and maximum {uni_regret_max} across all ten service-time specs versus oracle, and within 5% of oracle in every studied scenario (Table 4). Nonuniform position-dependent intervals recover essentially the remaining gap — the incremental saving over the optimized uniform interval is only {nonunif_inc_min:.1f}–{nonunif_inc_max:.1f}% of session cost — while the DRO uniform interval and the CVaR-penalized tail-aware design are farther from the oracle in expected cost (the CVaR design optimizes a different objective, trading expected cost for worst-quantile protection; it is not a failure of the method). Class-based rules help only where observable classes exist (mixture specs). We stress that near-oracle performance of the uniform interval reflects the value of scalar optimization under a known or estimated family, not distributionally robust behavior per se; the misspecification study in Section 4.3 is what measures model risk. Conservative fixed slots (mean + 25%) recover much of the gap but at materially higher idle time. The interval sweep traces the waiting–idle/overtime frontier (Fig. 5); all optimized policies sit on or near that frontier, so the choice reduces to where on the frontier the cost weights place the clinic. The pattern is stable under cost weights ranging (1,1,1) to (1,2,6): the optimized uniform interval's maximum regret stays at or below {ws_uni_max} across the weight grid. Under no-shows up to 20% and arrival jitter, policy orderings weaken as expected — the CVaR tail-aware design beats the mean-based rule in {rob_frac_ns} of disrupted conditions at 10% no-shows and in none at 20% — because disruptions themselves add service-time noise and lower effective load, narrowing the gap between policies.",results/processed/table4_complexity.csv,Policy complexity vs benefit summary.,9 rows x 5 columns,main,retain,scripts/make_tables.py; scripts/make_inline_docx.py
figure,supplement,Figure 6,Delay cascade from a single injected 45-min consultation.,S2. Delay cascade,figures/fig6_cascade.png,Same scientific object as main Figure 6,971 x 573 pixels; single compact plot,main,D: remove duplicate; preserve unique explanatory text,scripts/make_figures.py; scripts/make_inline_docx.py; scripts/make_supplement.py
figure,supplement,Figure S1,Moment-fitted gamma design regret vs historical sample size n.,"For each condition we evaluate policies on $M = 60{{,}}000\text{{--}}100{{,}}000$ independently sampled sessions (evaluation draws are fresh and disjoint from SAA design draws), reporting Monte Carlo standard errors. Designs span $N \in \{{20, 30, 50\}}$ and $\mathrm{{CV}} \in [0.25, 2.0]$ with boundary refinement where regret surfaces curve. In the misspecification study the designing distribution differs from the generating distribution in family, parameters, or both. For estimation uncertainty (Supplementary Fig. S1) we draw $n \in \{{50,\dots,1000\}}$ historical service times, fit a gamma by moments, and evaluate the implied optimal uniform interval; the fitted-CV-to-interval map is itself a precomputed SAA table kept in the reproducibility package. We report effect sizes and MC uncertainty rather than significance tests, which are uninformative at these sample sizes.",figures/figS1_estimation.png,Supports finite-moment stabilization and persistent Pareto estimation instability,1048 x 608 pixels; single compact plot,main,A: move unchanged image to main Results 4.3,scripts/make_figures.py; scripts/make_inline_docx.py; scripts/make_supplement.py
repository data,supplement,S1,policy_performance.csv,S1 repository-file description,results/processed/policy_performance.csv,Full exhaustive outputs underlying compact main results,82 rows x 20 columns,machine-readable package/repository data,E: retain full CSV; integrate unique explanatory prose into main,scripts/exp02_policies.py
repository data,supplement,S4,operational_robustness.csv,S4 repository-file description,results/processed/operational_robustness.csv,Full exhaustive outputs underlying compact main results,48 rows x 9 columns,machine-readable package/repository data,E: retain full CSV; integrate unique explanatory prose into main,scripts/exp02_policies.py
