source_or_artifact,frozen_commit,size_bytes,sha256,captured_from
manuscript/manuscript.md,72109a96b3611b7ae804f7b8cedbc045618ea1af,25233,cf68e3e875ba81aa3905b3da512e4f8f06de499d0d4f46f1caeadf3271daf218,frozen pre-edit commit; working tree had no manuscript/source changes
manuscript/manuscript.docx,72109a96b3611b7ae804f7b8cedbc045618ea1af,47765,586274cbf276683286be5d897adce0cda2190a32dc70e65b8caa76edafe735ce,frozen pre-edit commit; working tree had no manuscript/source changes
manuscript/manuscript_inline.docx,72109a96b3611b7ae804f7b8cedbc045618ea1af,744019,208d21a46b70fcfd7cc651ce4714faf5f1714a16766dc47f529af9a38568fb9a,frozen pre-edit commit; working tree had no manuscript/source changes
manuscript/supplement.docx,72109a96b3611b7ae804f7b8cedbc045618ea1af,165683,d6a7514b10311d3af95d4d9f0b06a504b32308f592bcf70d9190d6cbb437a6f7,frozen pre-edit commit; working tree had no manuscript/source changes
literature/normalized_references.json,72109a96b3611b7ae804f7b8cedbc045618ea1af,22174,19202590fa9b1d1969445ff09821d8d6c1651c3518bd89960494ed74e4898b3e,frozen pre-edit commit; working tree had no manuscript/source changes
scripts/build_manuscript.py,72109a96b3611b7ae804f7b8cedbc045618ea1af,29113,fb3cb990c54329110fce90f8e798da9e6b5d087de1b3b3f144a712d48cf45449,frozen pre-edit commit; working tree had no manuscript/source changes
scripts/make_inline_docx.py,72109a96b3611b7ae804f7b8cedbc045618ea1af,6178,7f255c7dcc2f131c09b0e68fb3db913bcff1b4eb1ed099d3fb92b93aa0794184,frozen pre-edit commit; working tree had no manuscript/source changes
scripts/make_supplement.py,72109a96b3611b7ae804f7b8cedbc045618ea1af,5269,b3d19455b808a5551baf921ec35ca17a992c7c6a46c104703245d72c063b61f0,frozen pre-edit commit; working tree had no manuscript/source changes
scripts/make_figures.py,72109a96b3611b7ae804f7b8cedbc045618ea1af,6869,bcea4b7f4db8757372bd0e1ac5c20b2a4a6cb5ef70fda7f3036997a27b31c104,frozen pre-edit commit; working tree had no manuscript/source changes
scripts/make_tables.py,72109a96b3611b7ae804f7b8cedbc045618ea1af,4247,0cacf895f8f59c7562ad85854c0b369a7e4376e34b923b3505bd60db38e834dd,frozen pre-edit commit; working tree had no manuscript/source changes
Makefile,72109a96b3611b7ae804f7b8cedbc045618ea1af,824,ebab0e8c797ffbf81f1502209703f7c6c647ab5ed54e70ca68f13d5587470f34,frozen pre-edit commit; working tree had no manuscript/source changes
output/omega_submission_package_FINAL_FORMATTED.zip,72109a96b3611b7ae804f7b8cedbc045618ea1af,1112992,37e7c3d2462a61a737b8d82b0314326c37a7a40ea63bdcb0990828974484372f,frozen pre-edit commit; working tree had no manuscript/source changes
