citation_key,number,paragraph
bailey1952,1,"Outpatient appointment scheduling dates to Bailey [@bailey1952] and Welch and Bailey [@welch1952]; modern reviews include Cayirli and Veral [@cayirli2003], Gupta and Denton [@gupta2008], and Ahmadi-Javid et al. [@ahmadijavid2017]. Optimal interval design under known stochastic service times is well studied [@denton2003;kaandorp2007], as are heuristic rules, unpunctuality and interruptions, no-shows and overbooking, and service-time variability [@salzarulo2011]. Distributionally robust and conic designs hedge against limited distributional information [@mak2015;vaneekelen2024]."
welch1952,2,"Outpatient appointment scheduling dates to Bailey [@bailey1952] and Welch and Bailey [@welch1952]; modern reviews include Cayirli and Veral [@cayirli2003], Gupta and Denton [@gupta2008], and Ahmadi-Javid et al. [@ahmadijavid2017]. Optimal interval design under known stochastic service times is well studied [@denton2003;kaandorp2007], as are heuristic rules, unpunctuality and interruptions, no-shows and overbooking, and service-time variability [@salzarulo2011]. Distributionally robust and conic designs hedge against limited distributional information [@mak2015;vaneekelen2024]."
cayirli2003,3,"Outpatient appointment scheduling dates to Bailey [@bailey1952] and Welch and Bailey [@welch1952]; modern reviews include Cayirli and Veral [@cayirli2003], Gupta and Denton [@gupta2008], and Ahmadi-Javid et al. [@ahmadijavid2017]. Optimal interval design under known stochastic service times is well studied [@denton2003;kaandorp2007], as are heuristic rules, unpunctuality and interruptions, no-shows and overbooking, and service-time variability [@salzarulo2011]. Distributionally robust and conic designs hedge against limited distributional information [@mak2015;vaneekelen2024]."
gupta2008,4,"Outpatient appointment scheduling dates to Bailey [@bailey1952] and Welch and Bailey [@welch1952]; modern reviews include Cayirli and Veral [@cayirli2003], Gupta and Denton [@gupta2008], and Ahmadi-Javid et al. [@ahmadijavid2017]. Optimal interval design under known stochastic service times is well studied [@denton2003;kaandorp2007], as are heuristic rules, unpunctuality and interruptions, no-shows and overbooking, and service-time variability [@salzarulo2011]. Distributionally robust and conic designs hedge against limited distributional information [@mak2015;vaneekelen2024]."
ahmadijavid2017,5,"Outpatient appointment scheduling dates to Bailey [@bailey1952] and Welch and Bailey [@welch1952]; modern reviews include Cayirli and Veral [@cayirli2003], Gupta and Denton [@gupta2008], and Ahmadi-Javid et al. [@ahmadijavid2017]. Optimal interval design under known stochastic service times is well studied [@denton2003;kaandorp2007], as are heuristic rules, unpunctuality and interruptions, no-shows and overbooking, and service-time variability [@salzarulo2011]. Distributionally robust and conic designs hedge against limited distributional information [@mak2015;vaneekelen2024]."
denton2003,6,"Outpatient appointment scheduling dates to Bailey [@bailey1952] and Welch and Bailey [@welch1952]; modern reviews include Cayirli and Veral [@cayirli2003], Gupta and Denton [@gupta2008], and Ahmadi-Javid et al. [@ahmadijavid2017]. Optimal interval design under known stochastic service times is well studied [@denton2003;kaandorp2007], as are heuristic rules, unpunctuality and interruptions, no-shows and overbooking, and service-time variability [@salzarulo2011]. Distributionally robust and conic designs hedge against limited distributional information [@mak2015;vaneekelen2024]."
kaandorp2007,7,"Outpatient appointment scheduling dates to Bailey [@bailey1952] and Welch and Bailey [@welch1952]; modern reviews include Cayirli and Veral [@cayirli2003], Gupta and Denton [@gupta2008], and Ahmadi-Javid et al. [@ahmadijavid2017]. Optimal interval design under known stochastic service times is well studied [@denton2003;kaandorp2007], as are heuristic rules, unpunctuality and interruptions, no-shows and overbooking, and service-time variability [@salzarulo2011]. Distributionally robust and conic designs hedge against limited distributional information [@mak2015;vaneekelen2024]."
salzarulo2011,8,"Outpatient appointment scheduling dates to Bailey [@bailey1952] and Welch and Bailey [@welch1952]; modern reviews include Cayirli and Veral [@cayirli2003], Gupta and Denton [@gupta2008], and Ahmadi-Javid et al. [@ahmadijavid2017]. Optimal interval design under known stochastic service times is well studied [@denton2003;kaandorp2007], as are heuristic rules, unpunctuality and interruptions, no-shows and overbooking, and service-time variability [@salzarulo2011]. Distributionally robust and conic designs hedge against limited distributional information [@mak2015;vaneekelen2024]."
mak2015,9,"Outpatient appointment scheduling dates to Bailey [@bailey1952] and Welch and Bailey [@welch1952]; modern reviews include Cayirli and Veral [@cayirli2003], Gupta and Denton [@gupta2008], and Ahmadi-Javid et al. [@ahmadijavid2017]. Optimal interval design under known stochastic service times is well studied [@denton2003;kaandorp2007], as are heuristic rules, unpunctuality and interruptions, no-shows and overbooking, and service-time variability [@salzarulo2011]. Distributionally robust and conic designs hedge against limited distributional information [@mak2015;vaneekelen2024]."
vaneekelen2024,10,"Outpatient appointment scheduling dates to Bailey [@bailey1952] and Welch and Bailey [@welch1952]; modern reviews include Cayirli and Veral [@cayirli2003], Gupta and Denton [@gupta2008], and Ahmadi-Javid et al. [@ahmadijavid2017]. Optimal interval design under known stochastic service times is well studied [@denton2003;kaandorp2007], as are heuristic rules, unpunctuality and interruptions, no-shows and overbooking, and service-time variability [@salzarulo2011]. Distributionally robust and conic designs hedge against limited distributional information [@mak2015;vaneekelen2024]."
