citation_key,current_number,paragraph,literature_role
bailey1952,1,"Outpatient appointment scheduling dates to Bailey [@bailey1952] and Welch and Bailey [@welch1952], with the stochastic core traceable to Lindley [@lindley1952] and early policy comparisons by Soriano [@soriano1966]; modern reviews include Cayirli and Veral [@cayirli2003], Cayirli et al. [@cayirli2006], Gupta and Denton [@gupta2008], and Ahmadi-Javid et al. [@ahmadijavid2017]. Optimal interval design under known stochastic service times is well studied [@denton2003;kaandorp2007;begen2011], as are heuristic rules [@robinson2003], unpunctuality and interruptions [@klassen2013;deceuninck2018], no-shows and overbooking [@hassin2008;muthuraman2008;zacharias2014], and service-time variability [@salzarulo2011]. Distributionally robust and conic designs hedge against limited distributional information [@mak2015;vaneekelen2024;bauerhenne2026].",1. Introduction
welch1952,2,"Outpatient appointment scheduling dates to Bailey [@bailey1952] and Welch and Bailey [@welch1952], with the stochastic core traceable to Lindley [@lindley1952] and early policy comparisons by Soriano [@soriano1966]; modern reviews include Cayirli and Veral [@cayirli2003], Cayirli et al. [@cayirli2006], Gupta and Denton [@gupta2008], and Ahmadi-Javid et al. [@ahmadijavid2017]. Optimal interval design under known stochastic service times is well studied [@denton2003;kaandorp2007;begen2011], as are heuristic rules [@robinson2003], unpunctuality and interruptions [@klassen2013;deceuninck2018], no-shows and overbooking [@hassin2008;muthuraman2008;zacharias2014], and service-time variability [@salzarulo2011]. Distributionally robust and conic designs hedge against limited distributional information [@mak2015;vaneekelen2024;bauerhenne2026].",1. Introduction
lindley1952,3,"Outpatient appointment scheduling dates to Bailey [@bailey1952] and Welch and Bailey [@welch1952], with the stochastic core traceable to Lindley [@lindley1952] and early policy comparisons by Soriano [@soriano1966]; modern reviews include Cayirli and Veral [@cayirli2003], Cayirli et al. [@cayirli2006], Gupta and Denton [@gupta2008], and Ahmadi-Javid et al. [@ahmadijavid2017]. Optimal interval design under known stochastic service times is well studied [@denton2003;kaandorp2007;begen2011], as are heuristic rules [@robinson2003], unpunctuality and interruptions [@klassen2013;deceuninck2018], no-shows and overbooking [@hassin2008;muthuraman2008;zacharias2014], and service-time variability [@salzarulo2011]. Distributionally robust and conic designs hedge against limited distributional information [@mak2015;vaneekelen2024;bauerhenne2026].",1. Introduction; 2. Model
soriano1966,4,"Outpatient appointment scheduling dates to Bailey [@bailey1952] and Welch and Bailey [@welch1952], with the stochastic core traceable to Lindley [@lindley1952] and early policy comparisons by Soriano [@soriano1966]; modern reviews include Cayirli and Veral [@cayirli2003], Cayirli et al. [@cayirli2006], Gupta and Denton [@gupta2008], and Ahmadi-Javid et al. [@ahmadijavid2017]. Optimal interval design under known stochastic service times is well studied [@denton2003;kaandorp2007;begen2011], as are heuristic rules [@robinson2003], unpunctuality and interruptions [@klassen2013;deceuninck2018], no-shows and overbooking [@hassin2008;muthuraman2008;zacharias2014], and service-time variability [@salzarulo2011]. Distributionally robust and conic designs hedge against limited distributional information [@mak2015;vaneekelen2024;bauerhenne2026].",1. Introduction
cayirli2003,5,"Outpatient appointment scheduling dates to Bailey [@bailey1952] and Welch and Bailey [@welch1952], with the stochastic core traceable to Lindley [@lindley1952] and early policy comparisons by Soriano [@soriano1966]; modern reviews include Cayirli and Veral [@cayirli2003], Cayirli et al. [@cayirli2006], Gupta and Denton [@gupta2008], and Ahmadi-Javid et al. [@ahmadijavid2017]. Optimal interval design under known stochastic service times is well studied [@denton2003;kaandorp2007;begen2011], as are heuristic rules [@robinson2003], unpunctuality and interruptions [@klassen2013;deceuninck2018], no-shows and overbooking [@hassin2008;muthuraman2008;zacharias2014], and service-time variability [@salzarulo2011]. Distributionally robust and conic designs hedge against limited distributional information [@mak2015;vaneekelen2024;bauerhenne2026].",1. Introduction; 5. Discussion
cayirli2006,6,"Outpatient appointment scheduling dates to Bailey [@bailey1952] and Welch and Bailey [@welch1952], with the stochastic core traceable to Lindley [@lindley1952] and early policy comparisons by Soriano [@soriano1966]; modern reviews include Cayirli and Veral [@cayirli2003], Cayirli et al. [@cayirli2006], Gupta and Denton [@gupta2008], and Ahmadi-Javid et al. [@ahmadijavid2017]. Optimal interval design under known stochastic service times is well studied [@denton2003;kaandorp2007;begen2011], as are heuristic rules [@robinson2003], unpunctuality and interruptions [@klassen2013;deceuninck2018], no-shows and overbooking [@hassin2008;muthuraman2008;zacharias2014], and service-time variability [@salzarulo2011]. Distributionally robust and conic designs hedge against limited distributional information [@mak2015;vaneekelen2024;bauerhenne2026].",1. Introduction; 5. Discussion
gupta2008,7,"Outpatient appointment scheduling dates to Bailey [@bailey1952] and Welch and Bailey [@welch1952], with the stochastic core traceable to Lindley [@lindley1952] and early policy comparisons by Soriano [@soriano1966]; modern reviews include Cayirli and Veral [@cayirli2003], Cayirli et al. [@cayirli2006], Gupta and Denton [@gupta2008], and Ahmadi-Javid et al. [@ahmadijavid2017]. Optimal interval design under known stochastic service times is well studied [@denton2003;kaandorp2007;begen2011], as are heuristic rules [@robinson2003], unpunctuality and interruptions [@klassen2013;deceuninck2018], no-shows and overbooking [@hassin2008;muthuraman2008;zacharias2014], and service-time variability [@salzarulo2011]. Distributionally robust and conic designs hedge against limited distributional information [@mak2015;vaneekelen2024;bauerhenne2026].",1. Introduction; 5. Discussion
ahmadijavid2017,8,"Outpatient appointment scheduling dates to Bailey [@bailey1952] and Welch and Bailey [@welch1952], with the stochastic core traceable to Lindley [@lindley1952] and early policy comparisons by Soriano [@soriano1966]; modern reviews include Cayirli and Veral [@cayirli2003], Cayirli et al. [@cayirli2006], Gupta and Denton [@gupta2008], and Ahmadi-Javid et al. [@ahmadijavid2017]. Optimal interval design under known stochastic service times is well studied [@denton2003;kaandorp2007;begen2011], as are heuristic rules [@robinson2003], unpunctuality and interruptions [@klassen2013;deceuninck2018], no-shows and overbooking [@hassin2008;muthuraman2008;zacharias2014], and service-time variability [@salzarulo2011]. Distributionally robust and conic designs hedge against limited distributional information [@mak2015;vaneekelen2024;bauerhenne2026].",1. Introduction; 5. Discussion
denton2003,9,"Outpatient appointment scheduling dates to Bailey [@bailey1952] and Welch and Bailey [@welch1952], with the stochastic core traceable to Lindley [@lindley1952] and early policy comparisons by Soriano [@soriano1966]; modern reviews include Cayirli and Veral [@cayirli2003], Cayirli et al. [@cayirli2006], Gupta and Denton [@gupta2008], and Ahmadi-Javid et al. [@ahmadijavid2017]. Optimal interval design under known stochastic service times is well studied [@denton2003;kaandorp2007;begen2011], as are heuristic rules [@robinson2003], unpunctuality and interruptions [@klassen2013;deceuninck2018], no-shows and overbooking [@hassin2008;muthuraman2008;zacharias2014], and service-time variability [@salzarulo2011]. Distributionally robust and conic designs hedge against limited distributional information [@mak2015;vaneekelen2024;bauerhenne2026].",1. Introduction; 2. Model; 5. Discussion
kaandorp2007,10,"Outpatient appointment scheduling dates to Bailey [@bailey1952] and Welch and Bailey [@welch1952], with the stochastic core traceable to Lindley [@lindley1952] and early policy comparisons by Soriano [@soriano1966]; modern reviews include Cayirli and Veral [@cayirli2003], Cayirli et al. [@cayirli2006], Gupta and Denton [@gupta2008], and Ahmadi-Javid et al. [@ahmadijavid2017]. Optimal interval design under known stochastic service times is well studied [@denton2003;kaandorp2007;begen2011], as are heuristic rules [@robinson2003], unpunctuality and interruptions [@klassen2013;deceuninck2018], no-shows and overbooking [@hassin2008;muthuraman2008;zacharias2014], and service-time variability [@salzarulo2011]. Distributionally robust and conic designs hedge against limited distributional information [@mak2015;vaneekelen2024;bauerhenne2026].",1. Introduction; 2. Model; 5. Discussion
begen2011,11,"Outpatient appointment scheduling dates to Bailey [@bailey1952] and Welch and Bailey [@welch1952], with the stochastic core traceable to Lindley [@lindley1952] and early policy comparisons by Soriano [@soriano1966]; modern reviews include Cayirli and Veral [@cayirli2003], Cayirli et al. [@cayirli2006], Gupta and Denton [@gupta2008], and Ahmadi-Javid et al. [@ahmadijavid2017]. Optimal interval design under known stochastic service times is well studied [@denton2003;kaandorp2007;begen2011], as are heuristic rules [@robinson2003], unpunctuality and interruptions [@klassen2013;deceuninck2018], no-shows and overbooking [@hassin2008;muthuraman2008;zacharias2014], and service-time variability [@salzarulo2011]. Distributionally robust and conic designs hedge against limited distributional information [@mak2015;vaneekelen2024;bauerhenne2026].",1. Introduction; 5. Discussion
robinson2003,12,"Outpatient appointment scheduling dates to Bailey [@bailey1952] and Welch and Bailey [@welch1952], with the stochastic core traceable to Lindley [@lindley1952] and early policy comparisons by Soriano [@soriano1966]; modern reviews include Cayirli and Veral [@cayirli2003], Cayirli et al. [@cayirli2006], Gupta and Denton [@gupta2008], and Ahmadi-Javid et al. [@ahmadijavid2017]. Optimal interval design under known stochastic service times is well studied [@denton2003;kaandorp2007;begen2011], as are heuristic rules [@robinson2003], unpunctuality and interruptions [@klassen2013;deceuninck2018], no-shows and overbooking [@hassin2008;muthuraman2008;zacharias2014], and service-time variability [@salzarulo2011]. Distributionally robust and conic designs hedge against limited distributional information [@mak2015;vaneekelen2024;bauerhenne2026].",1. Introduction
klassen2013,13,"Outpatient appointment scheduling dates to Bailey [@bailey1952] and Welch and Bailey [@welch1952], with the stochastic core traceable to Lindley [@lindley1952] and early policy comparisons by Soriano [@soriano1966]; modern reviews include Cayirli and Veral [@cayirli2003], Cayirli et al. [@cayirli2006], Gupta and Denton [@gupta2008], and Ahmadi-Javid et al. [@ahmadijavid2017]. Optimal interval design under known stochastic service times is well studied [@denton2003;kaandorp2007;begen2011], as are heuristic rules [@robinson2003], unpunctuality and interruptions [@klassen2013;deceuninck2018], no-shows and overbooking [@hassin2008;muthuraman2008;zacharias2014], and service-time variability [@salzarulo2011]. Distributionally robust and conic designs hedge against limited distributional information [@mak2015;vaneekelen2024;bauerhenne2026].",1. Introduction
deceuninck2018,14,"Outpatient appointment scheduling dates to Bailey [@bailey1952] and Welch and Bailey [@welch1952], with the stochastic core traceable to Lindley [@lindley1952] and early policy comparisons by Soriano [@soriano1966]; modern reviews include Cayirli and Veral [@cayirli2003], Cayirli et al. [@cayirli2006], Gupta and Denton [@gupta2008], and Ahmadi-Javid et al. [@ahmadijavid2017]. Optimal interval design under known stochastic service times is well studied [@denton2003;kaandorp2007;begen2011], as are heuristic rules [@robinson2003], unpunctuality and interruptions [@klassen2013;deceuninck2018], no-shows and overbooking [@hassin2008;muthuraman2008;zacharias2014], and service-time variability [@salzarulo2011]. Distributionally robust and conic designs hedge against limited distributional information [@mak2015;vaneekelen2024;bauerhenne2026].",1. Introduction; 3. Computational design
hassin2008,15,"Outpatient appointment scheduling dates to Bailey [@bailey1952] and Welch and Bailey [@welch1952], with the stochastic core traceable to Lindley [@lindley1952] and early policy comparisons by Soriano [@soriano1966]; modern reviews include Cayirli and Veral [@cayirli2003], Cayirli et al. [@cayirli2006], Gupta and Denton [@gupta2008], and Ahmadi-Javid et al. [@ahmadijavid2017]. Optimal interval design under known stochastic service times is well studied [@denton2003;kaandorp2007;begen2011], as are heuristic rules [@robinson2003], unpunctuality and interruptions [@klassen2013;deceuninck2018], no-shows and overbooking [@hassin2008;muthuraman2008;zacharias2014], and service-time variability [@salzarulo2011]. Distributionally robust and conic designs hedge against limited distributional information [@mak2015;vaneekelen2024;bauerhenne2026].",1. Introduction; 3. Computational design
muthuraman2008,16,"Outpatient appointment scheduling dates to Bailey [@bailey1952] and Welch and Bailey [@welch1952], with the stochastic core traceable to Lindley [@lindley1952] and early policy comparisons by Soriano [@soriano1966]; modern reviews include Cayirli and Veral [@cayirli2003], Cayirli et al. [@cayirli2006], Gupta and Denton [@gupta2008], and Ahmadi-Javid et al. [@ahmadijavid2017]. Optimal interval design under known stochastic service times is well studied [@denton2003;kaandorp2007;begen2011], as are heuristic rules [@robinson2003], unpunctuality and interruptions [@klassen2013;deceuninck2018], no-shows and overbooking [@hassin2008;muthuraman2008;zacharias2014], and service-time variability [@salzarulo2011]. Distributionally robust and conic designs hedge against limited distributional information [@mak2015;vaneekelen2024;bauerhenne2026].",1. Introduction; 3. Computational design
zacharias2014,17,"Outpatient appointment scheduling dates to Bailey [@bailey1952] and Welch and Bailey [@welch1952], with the stochastic core traceable to Lindley [@lindley1952] and early policy comparisons by Soriano [@soriano1966]; modern reviews include Cayirli and Veral [@cayirli2003], Cayirli et al. [@cayirli2006], Gupta and Denton [@gupta2008], and Ahmadi-Javid et al. [@ahmadijavid2017]. Optimal interval design under known stochastic service times is well studied [@denton2003;kaandorp2007;begen2011], as are heuristic rules [@robinson2003], unpunctuality and interruptions [@klassen2013;deceuninck2018], no-shows and overbooking [@hassin2008;muthuraman2008;zacharias2014], and service-time variability [@salzarulo2011]. Distributionally robust and conic designs hedge against limited distributional information [@mak2015;vaneekelen2024;bauerhenne2026].",1. Introduction
salzarulo2011,18,"Outpatient appointment scheduling dates to Bailey [@bailey1952] and Welch and Bailey [@welch1952], with the stochastic core traceable to Lindley [@lindley1952] and early policy comparisons by Soriano [@soriano1966]; modern reviews include Cayirli and Veral [@cayirli2003], Cayirli et al. [@cayirli2006], Gupta and Denton [@gupta2008], and Ahmadi-Javid et al. [@ahmadijavid2017]. Optimal interval design under known stochastic service times is well studied [@denton2003;kaandorp2007;begen2011], as are heuristic rules [@robinson2003], unpunctuality and interruptions [@klassen2013;deceuninck2018], no-shows and overbooking [@hassin2008;muthuraman2008;zacharias2014], and service-time variability [@salzarulo2011]. Distributionally robust and conic designs hedge against limited distributional information [@mak2015;vaneekelen2024;bauerhenne2026].",1. Introduction
mak2015,19,"Outpatient appointment scheduling dates to Bailey [@bailey1952] and Welch and Bailey [@welch1952], with the stochastic core traceable to Lindley [@lindley1952] and early policy comparisons by Soriano [@soriano1966]; modern reviews include Cayirli and Veral [@cayirli2003], Cayirli et al. [@cayirli2006], Gupta and Denton [@gupta2008], and Ahmadi-Javid et al. [@ahmadijavid2017]. Optimal interval design under known stochastic service times is well studied [@denton2003;kaandorp2007;begen2011], as are heuristic rules [@robinson2003], unpunctuality and interruptions [@klassen2013;deceuninck2018], no-shows and overbooking [@hassin2008;muthuraman2008;zacharias2014], and service-time variability [@salzarulo2011]. Distributionally robust and conic designs hedge against limited distributional information [@mak2015;vaneekelen2024;bauerhenne2026].",1. Introduction; 2. Model; 5. Discussion
vaneekelen2024,20,"Outpatient appointment scheduling dates to Bailey [@bailey1952] and Welch and Bailey [@welch1952], with the stochastic core traceable to Lindley [@lindley1952] and early policy comparisons by Soriano [@soriano1966]; modern reviews include Cayirli and Veral [@cayirli2003], Cayirli et al. [@cayirli2006], Gupta and Denton [@gupta2008], and Ahmadi-Javid et al. [@ahmadijavid2017]. Optimal interval design under known stochastic service times is well studied [@denton2003;kaandorp2007;begen2011], as are heuristic rules [@robinson2003], unpunctuality and interruptions [@klassen2013;deceuninck2018], no-shows and overbooking [@hassin2008;muthuraman2008;zacharias2014], and service-time variability [@salzarulo2011]. Distributionally robust and conic designs hedge against limited distributional information [@mak2015;vaneekelen2024;bauerhenne2026].",1. Introduction; 2. Model
bauerhenne2026,21,"Outpatient appointment scheduling dates to Bailey [@bailey1952] and Welch and Bailey [@welch1952], with the stochastic core traceable to Lindley [@lindley1952] and early policy comparisons by Soriano [@soriano1966]; modern reviews include Cayirli and Veral [@cayirli2003], Cayirli et al. [@cayirli2006], Gupta and Denton [@gupta2008], and Ahmadi-Javid et al. [@ahmadijavid2017]. Optimal interval design under known stochastic service times is well studied [@denton2003;kaandorp2007;begen2011], as are heuristic rules [@robinson2003], unpunctuality and interruptions [@klassen2013;deceuninck2018], no-shows and overbooking [@hassin2008;muthuraman2008;zacharias2014], and service-time variability [@salzarulo2011]. Distributionally robust and conic designs hedge against limited distributional information [@mak2015;vaneekelen2024;bauerhenne2026].",1. Introduction; 2. Model
