old_document,old_label,old_source,final_document,final_label,final_source,first_substantive_citation,physical_copy,reference_resolves
main,Figure 1.,figures/fig1_same_mean_tails.png,main,Figure 1,figures/fig1_same_mean_tails.png,"Service-time families are parameterized so that $E[S] = 10$ min for every spec (Table 1, Fig. 1): gamma, Weibull, and lognormal at $\mathrm{{CV}} = 0.5\text{{--}}2.0$, gamma-gamma mixtures with a long-consultation component, and Pareto type I with tail index $\alpha \in \{{2.5, 3.5\}}$ — the only genuinely heavy-tailed cases here (infinite fourth moment for $\alpha = 2.5$). We use ""heavy-tailed"" only for the Pareto cases; the skewed finite-moment families are described as right-skewed or long-tailed throughout.",retained unchanged content,YES
main,Figure 2.,figures/fig2_delay_propagation.png,main,Figure 2,figures/fig2_delay_propagation.png,"With identical $E[S]$, mean waiting under fixed slots differs sharply across families (Fig. 1; Fig. 2): for lognormal service at $\mathrm{{CV}} = 1.5$, mean waiting per patient is {fm_wait_ln15:.1f} min and {fm_wait30_ln15} of patients wait over 30 min, versus a fraction of that for gamma at the same CV and identical mean (Table 3). Fixed mean-based slots incur {fm_regret_min}–{fm_regret_max} relative regret versus the oracle across the ten service-time specs at $N = 30$ (the specification range, not a scenario mean); absolute regret rises roughly linearly in CV (gamma at $N = 30$: {fm_abs_cv0:.0f} cost units at $\mathrm{{CV}} = 0.25$, {fm_abs_cv1:.0f} at $\mathrm{{CV}} = 2.0$), while relative regret is nearly flat in CV but steeply increasing in session size (scenario-mean relative regret {fm_rel_N0} at $N = 20$, {fm_rel_N1} at $N = 30$, {fm_rel_N2} at $N = 50$). The finding is not that fixed slots fail only beyond a variance threshold: they leave a quarter to a half of attainable savings unclaimed across the whole design grid, and the loss is largest where sessions are longest and upper quantiles are fat relative to the mean.",retained unchanged content,YES
main,Figure 3.,figures/fig3_regret_surface.png,main,Figure 3,figures/fig3_regret_surface.png,"Two descriptors drive the penalty map (Fig. 3): the coefficient of variation sets the absolute stakes — the unrecovered cost of mean-based slots rises approximately linearly in CV within each family — while family identity at fixed CV ranks by the $\mathrm{{Q}}_{{95}}/\mathrm{{mean}}$ ratio, so that gamma $\mathrm{{CV}} = 1.5$ and lognormal $\mathrm{{CV}} = 1.5$ with identical mean and CV still differ materially in regret. Session size amplifies the relative burden because a longer session gives delay cascades more positions over which to accumulate.",retained unchanged content,YES
main,Figure 4.,figures/fig4_misspec_matrix.png,main,Figure 4,figures/fig4_misspec_matrix.png,Optimizing the interval under a wrongly assumed family is not free insurance (Fig. 4): the worst off-diagonal cell adds {mis_max:.0f} cost units relative to the correctly specified design — more than the gap between fixed slots and the oracle for several true distributions. Under-designing (assuming a lower-CV family than the truth) is consistently worse than over-designing.,retained unchanged content,YES
main,Figure 5.,figures/fig5_pareto.png,main,Figure 6,figures/fig6_pareto.png,"The SAA-optimized uniform interval is the workhorse: mean relative regret {uni_mean} and maximum {uni_regret_max} across all ten service-time specs versus oracle, and within 5% of oracle in every studied scenario (Table 4). Nonuniform position-dependent intervals recover essentially the remaining gap — the incremental saving over the optimized uniform interval is only {nonunif_inc_min:.1f}–{nonunif_inc_max:.1f}% of session cost — while the DRO uniform interval and the CVaR-penalized tail-aware design are farther from the oracle in expected cost (the CVaR design optimizes a different objective, trading expected cost for worst-quantile protection; it is not a failure of the method). Class-based rules help only where observable classes exist (mixture specs). We stress that near-oracle performance of the uniform interval reflects the value of scalar optimization under a known or estimated family, not distributionally robust behavior per se; the misspecification study in Section 4.3 is what measures model risk. Conservative fixed slots (mean + 25%) recover much of the gap but at materially higher idle time. The interval sweep traces the waiting–idle/overtime frontier (Fig. 6); all optimized policies sit on or near that frontier, so the choice reduces to where on the frontier the cost weights place the clinic. The pattern is stable under cost weights ranging (1,1,1) to (1,2,6): the optimized uniform interval's maximum regret stays at or below {ws_uni_max} across the weight grid. Under no-shows up to 20% and arrival jitter, policy orderings weaken as expected — the CVaR tail-aware design beats the mean-based rule in {rob_frac_ns} of disrupted conditions at 10% no-shows and in none at 20% — because disruptions themselves add service-time noise and lower effective load, narrowing the gap between policies.",retained unchanged content,YES
main,Figure 6.,figures/fig6_cascade.png,main,Figure 7,figures/fig7_cascade.png,A single 45-min consultation injected mid-session produces a delay cascade lasting {cascade_len} subsequent appointments and {cascade_cum:.0f} min of extra cumulative waiting (Fig. 7). Early-session shocks are costlier in aggregate waiting; end-of-session shocks convert to overtime instead.,retained unchanged content,YES
main,Figure 7.,figures/fig7_decision_map.png,main,Figure 8,figures/fig8_decision_map.png,"Plotting fixed-slot regret over (CV, $\mathrm{{Q}}_{{95}}/\mathrm{{mean}}$) for each family yields a compact map of where optimization value concentrates (Fig. 8): there is no corner of the explored space where mean-based slots are competitive, and the benefit of optimization rises sharply with session size and tail ratio — exactly where a clinic should adopt the one-parameter optimized uniform interval. Because the optimized uniform interval already sits at the oracle boundary across the map, the map prescribes where to optimize, not which of several complex policies to choose.",retained unchanged content,YES
main,Table 1,results/processed/table1_design.csv,main,Table 1,results/processed/table1_design.csv,"with baseline weights $(c_w, c_i, c_o) = (1, 2, 2)$ reflecting that physician idle and overtime minutes are costlier than patient waiting minutes; all conclusions are rechecked under alternative weightings. A policy $\pi$ maps available information to the interval vector $x$. The oracle $\pi^*$ optimizes a piecewise-constant interval vector under the true distribution by sample average approximation (SAA); regret is $R(\pi) = C(\pi) - C(\pi^*)$ and relative regret $R(\pi)/C(\pi^*)$ (Table 1).",retained unchanged content,YES
main,Table 2,results/processed/table2_policies.csv,main,Table 2,results/processed/table2_policies.csv,"Policies evaluated (Table 2), resting on CVaR and robust-optimization machinery [@rockafellar2000;bertsimas2004;rahimian2022], with general scheduling foundations in Pinedo [@pinedo2011], span: fixed mean-based slots; a conservative fixed slot (mean plus slack) [@soriano1966;robinson2003]; a quantile-based slot; a class-based rule using mixture-component labels where such classes are observable; SAA-optimized uniform and nonuniform intervals; a CVaR-penalized tail-aware uniform interval [@rockafellar2000]; a distributionally robust (DRO) uniform interval hedging across a four-family ambiguity set; and the oracle. The DRO policy uses the worst-case expected-cost principle studied in limited-information appointment scheduling and broader DRO frameworks [@kong2013;mak2015;vaneekelen2024;bauerhenne2026;rahimian2022].",retained unchanged content,YES
main,Table 3,results/processed/table3_performance.csv,main,Table 3,results/processed/table3_performance.csv,"With identical $E[S]$, mean waiting under fixed slots differs sharply across families (Fig. 1; Fig. 2): for lognormal service at $\mathrm{{CV}} = 1.5$, mean waiting per patient is {fm_wait_ln15:.1f} min and {fm_wait30_ln15} of patients wait over 30 min, versus a fraction of that for gamma at the same CV and identical mean (Table 3). Fixed mean-based slots incur {fm_regret_min}–{fm_regret_max} relative regret versus the oracle across the ten service-time specs at $N = 30$ (the specification range, not a scenario mean); absolute regret rises roughly linearly in CV (gamma at $N = 30$: {fm_abs_cv0:.0f} cost units at $\mathrm{{CV}} = 0.25$, {fm_abs_cv1:.0f} at $\mathrm{{CV}} = 2.0$), while relative regret is nearly flat in CV but steeply increasing in session size (scenario-mean relative regret {fm_rel_N0} at $N = 20$, {fm_rel_N1} at $N = 30$, {fm_rel_N2} at $N = 50$). The finding is not that fixed slots fail only beyond a variance threshold: they leave a quarter to a half of attainable savings unclaimed across the whole design grid, and the loss is largest where sessions are longest and upper quantiles are fat relative to the mean.",retained unchanged content,YES
main,Table 4,results/processed/table4_complexity.csv,main,Table 4,results/processed/table4_complexity.csv,"The SAA-optimized uniform interval is the workhorse: mean relative regret {uni_mean} and maximum {uni_regret_max} across all ten service-time specs versus oracle, and within 5% of oracle in every studied scenario (Table 4). Nonuniform position-dependent intervals recover essentially the remaining gap — the incremental saving over the optimized uniform interval is only {nonunif_inc_min:.1f}–{nonunif_inc_max:.1f}% of session cost — while the DRO uniform interval and the CVaR-penalized tail-aware design are farther from the oracle in expected cost (the CVaR design optimizes a different objective, trading expected cost for worst-quantile protection; it is not a failure of the method). Class-based rules help only where observable classes exist (mixture specs). We stress that near-oracle performance of the uniform interval reflects the value of scalar optimization under a known or estimated family, not distributionally robust behavior per se; the misspecification study in Section 4.3 is what measures model risk. Conservative fixed slots (mean + 25%) recover much of the gap but at materially higher idle time. The interval sweep traces the waiting–idle/overtime frontier (Fig. 6); all optimized policies sit on or near that frontier, so the choice reduces to where on the frontier the cost weights place the clinic. The pattern is stable under cost weights ranging (1,1,1) to (1,2,6): the optimized uniform interval's maximum regret stays at or below {ws_uni_max} across the weight grid. Under no-shows up to 20% and arrival jitter, policy orderings weaken as expected — the CVaR tail-aware design beats the mean-based rule in {rob_frac_ns} of disrupted conditions at 10% no-shows and in none at 20% — because disruptions themselves add service-time noise and lower effective load, narrowing the gap between policies.",retained unchanged content,YES
supplement,Figure 6,figures/fig6_cascade.png,main,Figure 7,figures/fig7_cascade.png,A single 45-min consultation injected mid-session produces a delay cascade lasting {cascade_len} subsequent appointments and {cascade_cum:.0f} min of extra cumulative waiting (Fig. 7). Early-session shocks are costlier in aggregate waiting; end-of-session shocks convert to overtime instead.,removed duplicate,YES
supplement,Figure S1,figures/figS1_estimation.png,main,Figure 5,figures/fig5_estimation.png,"With moment-fitted gamma designs (Fig. 5), median estimation regret is already small at $n = 250$ ({est250:.2f} cost units; Q90 {est250q:.2f}) versus $n = 50$ ({est50:.2f}); the gains from $n$ beyond ~500 are minor for light-tailed families. The exception is the genuinely heavy-tailed Pareto $\alpha = 2.5$ case, where the Q90 estimation regret stays flat around {pareto_est_q90:.0f} cost units even at $n = 1{{,}}000$ — tail-aware design remains unreliable there no matter how much history is available, because the sampling variability of the fitted CV does not decay in the usual way.",retained unchanged content,YES
