reference_id,current_entry,verified_metadata_source,problem,correction,status
bailey1952,"Bailey, Norman T. J. (1952). A Study of Queues and Appointment Systems in Hospital Out-Patient Departments, with Special Reference to Waiting-Times. Journal of the Royal Statistical Society Series B: Statistical Methodology. doi:10.1111/j.2517-6161.1952.tb00112.x",https://api.crossref.org/works/10.1111/j.2517-6161.1952.tb00112.x,noncanonical DOI prefix; inconsistent author-year presentation,"Bailey NTJ. A study of queues and appointment systems in hospital out-patient departments, with special reference to waiting-times. Journal of the Royal Statistical Society Series B: Statistical Methodology 1952;14(2):185–199. https://doi.org/10.1111/j.2517-6161.1952.tb00112.x.",verified and normalized
welch1952,"Welch, J.D.; Bailey, NormanT.J. (1952). APPOINTMENT SYSTEMS IN HOSPITAL OUTPATIENT DEPARTMENTS. The Lancet. doi:10.1016/s0140-6736(52)90763-0",https://api.crossref.org/works/10.1016/s0140-6736(52)90763-0,ALL-CAPS metadata; noncanonical DOI prefix; inconsistent author-year presentation,"Welch JD, Bailey NTJ. Appointment systems in hospital outpatient departments. The Lancet 1952;259(6718):1105–1108. https://doi.org/10.1016/s0140-6736(52)90763-0.",verified and normalized
lindley1952,"Lindley, D. V. (1952). The theory of queues with a single server. Mathematical Proceedings of the Cambridge Philosophical Society. doi:10.1017/s0305004100027638",https://api.crossref.org/works/10.1017/s0305004100027638,noncanonical DOI prefix; inconsistent author-year presentation,Lindley DV. The theory of queues with a single server. Mathematical Proceedings of the Cambridge Philosophical Society 1952;48(2):277–289. https://doi.org/10.1017/s0305004100027638.,verified and normalized
soriano1966,"Soriano, A. (1966). Comparison of Two Scheduling Systems. Operations Research. doi:10.1287/opre.14.3.388",https://api.crossref.org/works/10.1287/opre.14.3.388,noncanonical DOI prefix; inconsistent author-year presentation,Soriano A. Comparison of two scheduling systems. Operations Research 1966;14(3):388–397. https://doi.org/10.1287/opre.14.3.388.,verified and normalized
cayirli2003,"CAYIRLI, TUGBA; VERAL, EMRE (2003). OUTPATIENT SCHEDULING IN HEALTH CARE: A REVIEW OF LITERATURE. Production and Operations Management. doi:10.1111/j.1937-5956.2003.tb00218.x",https://api.crossref.org/works/10.1111/j.1937-5956.2003.tb00218.x,ALL-CAPS metadata; noncanonical DOI prefix; inconsistent author-year presentation,"Cayirli T, Veral E. Outpatient scheduling in health care: a review of literature. Production and Operations Management 2003;12(4):519–549. https://doi.org/10.1111/j.1937-5956.2003.tb00218.x.",verified and normalized
bauerhenne2026,"Bauerhenne, Carolin; Kolisch, Rainer; Schulz, Andreas S. (2026). Robust Appointment Scheduling with Waiting Time Guarantees. Manufacturing &amp; Service Operations Management. doi:10.1287/msom.2024.0852",https://api.crossref.org/works/10.1287/msom.2024.0852,HTML entity; noncanonical DOI prefix; inconsistent author-year presentation,"Bauerhenne C, Kolisch R, Schulz AS. Robust appointment scheduling with waiting time guarantees. Manufacturing & Service Operations Management 2026;28(3):995–1009. https://doi.org/10.1287/msom.2024.0852.",verified and normalized
vaneekelen2024,"van Eekelen, Wouter; den Hertog, Dick; van Leeuwaarden, Johan (2024). Distributionally robust appointment scheduling that can deal with independent service times. . doi:10.2139/ssrn.4892477",https://api.crossref.org/works/10.2139/ssrn.4892477,missing source rendered as nan; noncanonical DOI prefix; inconsistent author-year presentation,"van Eekelen W, den Hertog D, van Leeuwaarden J. Distributionally robust appointment scheduling that can deal with independent service times. SSRN preprint; 2024. https://doi.org/10.2139/ssrn.4892477.",verified and normalized
gupta2008,"Gupta, Diwakar; Denton, Brian (2008). Appointment scheduling in health care: Challenges and opportunities. IIE Transactions. doi:10.1080/07408170802165880",https://api.crossref.org/works/10.1080/07408170802165880,noncanonical DOI prefix; inconsistent author-year presentation,"Gupta D, Denton B. Appointment scheduling in health care: challenges and opportunities. IIE Transactions 2008;40(9):800–819. https://doi.org/10.1080/07408170802165880.",verified and normalized
robinson2003,"ROBINSON, LAWRENCE W.; CHEN, RACHEL R. (2003). Scheduling doctors' appointments: optimal and empirically-based heuristic policies. IIE Transactions. doi:10.1080/07408170304367",https://api.crossref.org/works/10.1080/07408170304367,ALL-CAPS metadata; noncanonical DOI prefix; inconsistent author-year presentation,"Robinson LW, Chen RR. Scheduling doctors' appointments: optimal and empirically-based heuristic policies. IIE Transactions 2003;35(3):295–307. https://doi.org/10.1080/07408170304367.",verified and normalized
denton2003,"Denton, Brian; Gupta, Diwakar (2003). A Sequential Bounding Approach for Optimal Appointment Scheduling. IIE Transactions. doi:10.1080/07408170304395",https://api.crossref.org/works/10.1080/07408170304395,noncanonical DOI prefix; inconsistent author-year presentation,"Denton B, Gupta D. A sequential bounding approach for optimal appointment scheduling. IIE Transactions 2003;35(11):1003–1016. https://doi.org/10.1080/07408170304395.",verified and normalized
klassen2013,"Klassen, Kenneth J.; Yoogalingam, Reena (2013). Appointment system design with interruptions and physician lateness. International Journal of Operations &amp; Production Management. doi:10.1108/01443571311307253",https://api.crossref.org/works/10.1108/01443571311307253,HTML entity; noncanonical DOI prefix; inconsistent author-year presentation,"Klassen KJ, Yoogalingam R. Appointment system design with interruptions and physician lateness. International Journal of Operations & Production Management 2013;33(4):394–414. https://doi.org/10.1108/01443571311307253.",verified and normalized
muthuraman2008,"Muthuraman, Kumar; Lawley, Mark (2008). A stochastic overbooking model for outpatient clinical scheduling with no-shows. IIE Transactions. doi:10.1080/07408170802165823",https://api.crossref.org/works/10.1080/07408170802165823,noncanonical DOI prefix; inconsistent author-year presentation,"Muthuraman K, Lawley M. A stochastic overbooking model for outpatient clinical scheduling with no-shows. IIE Transactions 2008;40(9):820–837. https://doi.org/10.1080/07408170802165823.",verified and normalized
kaandorp2007,"Kaandorp, Guido C.; Koole, Ger (2007). Optimal outpatient appointment scheduling. Health Care Management Science. doi:10.1007/s10729-007-9015-x",https://api.crossref.org/works/10.1007/s10729-007-9015-x,noncanonical DOI prefix; inconsistent author-year presentation,"Kaandorp GC, Koole G. Optimal outpatient appointment scheduling. Health Care Management Science 2007;10(3):217–229. https://doi.org/10.1007/s10729-007-9015-x.",verified and normalized
begen2011,"Begen, Mehmet A.; Queyranne, Maurice (2011). Appointment Scheduling with Discrete Random Durations. Mathematics of Operations Research. doi:10.1287/moor.1110.0489",https://api.crossref.org/works/10.1287/moor.1110.0489,noncanonical DOI prefix; inconsistent author-year presentation,"Begen MA, Queyranne M. Appointment scheduling with discrete random durations. Mathematics of Operations Research 2011;36(2):240–257. https://doi.org/10.1287/moor.1110.0489.",verified and normalized
mak2015,"Mak, Ho-Yin; Rong, Ying; Zhang, Jiawei (2015). Appointment Scheduling with Limited Distributional Information. Management Science. doi:10.1287/mnsc.2013.1881",https://api.crossref.org/works/10.1287/mnsc.2013.1881,noncanonical DOI prefix; inconsistent author-year presentation,"Mak HY, Rong Y, Zhang J. Appointment scheduling with limited distributional information. Management Science 2015;61(2):316–334. https://doi.org/10.1287/mnsc.2013.1881.",verified and normalized
kong2013,"Kong, Qingxia; Lee, Chung-Yee; Teo, Chung-Piaw; Zheng, Zhichao (2013). Scheduling Arrivals to a Stochastic Service Delivery System Using Copositive Cones. Operations Research. doi:10.1287/opre.2013.1158",https://api.crossref.org/works/10.1287/opre.2013.1158,noncanonical DOI prefix; inconsistent author-year presentation,"Kong Q, Lee CY, Teo CP, Zheng Z. Scheduling arrivals to a stochastic service delivery system using copositive cones. Operations Research 2013;61(3):711–726. https://doi.org/10.1287/opre.2013.1158.",verified and normalized
deceuninck2018,"Deceuninck, Matthias; Fiems, Dieter; De Vuyst, Stijn (2018). Outpatient scheduling with unpunctual patients and no-shows. European Journal of Operational Research. doi:10.1016/j.ejor.2017.07.006",https://api.crossref.org/works/10.1016/j.ejor.2017.07.006,noncanonical DOI prefix; inconsistent author-year presentation,"Deceuninck M, Fiems D, De Vuyst S. Outpatient scheduling with unpunctual patients and no-shows. European Journal of Operational Research 2018;265(1):195–207. https://doi.org/10.1016/j.ejor.2017.07.006.",verified and normalized
hassin2008,"Hassin, Refael; Mendel, Sharon (2008). Scheduling Arrivals to Queues: A Single-Server Model with No-Shows. Management Science. doi:10.1287/mnsc.1070.0802",https://api.crossref.org/works/10.1287/mnsc.1070.0802,noncanonical DOI prefix; inconsistent author-year presentation,"Hassin R, Mendel S. Scheduling arrivals to queues: a single-server model with no-shows. Management Science 2008;54(3):565–572. https://doi.org/10.1287/mnsc.1070.0802.",verified and normalized
wang2015,"Wang, Jin; Fung, Richard Y.K. (2015). Dynamic appointment scheduling with patient preferences and choices. Industrial Management &amp; Data Systems. doi:10.1108/imds-12-2014-0372",https://api.crossref.org/works/10.1108/imds-12-2014-0372,HTML entity; noncanonical DOI prefix; inconsistent author-year presentation,"Wang J, Fung RYK. Dynamic appointment scheduling with patient preferences and choices. Industrial Management & Data Systems 2015;115(4):700–717. https://doi.org/10.1108/imds-12-2014-0372.",verified and normalized
zacharias2014,"Zacharias, Christos; Pinedo, Michael (2014). Appointment Scheduling with No‐Shows and Overbooking. Production and Operations Management. doi:10.1111/poms.12065",https://api.crossref.org/works/10.1111/poms.12065,noncanonical DOI prefix; inconsistent author-year presentation,"Zacharias C, Pinedo M. Appointment scheduling with no-shows and overbooking. Production and Operations Management 2014;23(5):788–801. https://doi.org/10.1111/poms.12065.",verified and normalized
berg2014,"Berg, Bjorn P.; Denton, Brian T.; Ayca Erdogan, S.; Rohleder, Thomas (2014). Optimal booking and scheduling in outpatient procedure centers. Computers &amp; Operations Research. doi:10.1016/j.cor.2014.04.007",https://api.crossref.org/works/10.1016/j.cor.2014.04.007,HTML entity; author representation normalized against DOI metadata; noncanonical DOI prefix; inconsistent author-year presentation,"Berg BP, Denton BT, Ayca Erdogan S, Rohleder T, Huschka T. Optimal booking and scheduling in outpatient procedure centers. Computers & Operations Research 2014;50:24–37. https://doi.org/10.1016/j.cor.2014.04.007.",verified and normalized
chen2014,"Chen, Rachel R.; Robinson, Lawrence W. (2014). Sequencing and Scheduling Appointments with Potential Call‐In Patients. Production and Operations Management. doi:10.1111/poms.12168",https://api.crossref.org/works/10.1111/poms.12168,noncanonical DOI prefix; inconsistent author-year presentation,"Chen RR, Robinson LW. Sequencing and scheduling appointments with potential call-in patients. Production and Operations Management 2014;23(9):1522–1538. https://doi.org/10.1111/poms.12168.",verified and normalized
rockafellar2000,"Rockafellar, R. Tyrrell; Uryasev, Stanislav (2000). Optimization of conditional value-at-risk. The Journal of Risk. doi:10.21314/jor.2000.038",https://api.crossref.org/works/10.21314/jor.2000.038,noncanonical DOI prefix; inconsistent author-year presentation,"Rockafellar RT, Uryasev S. Optimization of conditional value-at-risk. The Journal of Risk 2000;2(3):21–41. https://doi.org/10.21314/jor.2000.038.",verified and normalized
bertsimas2004,"Bertsimas, Dimitris; Sim, Melvyn (2004). The Price of Robustness. Operations Research. doi:10.1287/opre.1030.0065",https://api.crossref.org/works/10.1287/opre.1030.0065,noncanonical DOI prefix; inconsistent author-year presentation,"Bertsimas D, Sim M. The price of robustness. Operations Research 2004;52(1):35–53. https://doi.org/10.1287/opre.1030.0065.",verified and normalized
rahimian2022,"Rahimian, Hamed; Mehrotra, Sanjay (2022). Frameworks and Results in Distributionally Robust Optimization. Open Journal of Mathematical Optimization. doi:10.5802/ojmo.15",https://api.crossref.org/works/10.5802/ojmo.15,noncanonical DOI prefix; inconsistent author-year presentation,"Rahimian H, Mehrotra S. Frameworks and results in distributionally robust optimization. Open Journal of Mathematical Optimization 2022;3:1–85. https://doi.org/10.5802/ojmo.15.",verified and normalized
pinedo2011,"Pinedo, Michael L. (2011). Selected Scheduling Systems. Scheduling. doi:10.1007/978-1-4614-2361-4_27",https://api.crossref.org/works/10.1007/978-1-4614-2361-4_27,noncanonical DOI prefix; inconsistent author-year presentation,Pinedo ML. Selected scheduling systems. In: Scheduling. Springer US; 2011. p. 611–613. https://doi.org/10.1007/978-1-4614-2361-4_27.,verified and normalized
pan2021,"Pan, Xingwei; Geng, Na; Xie, Xiaolan (2021). Appointment scheduling and real-time sequencing strategies for patient unpunctuality. European Journal of Operational Research. doi:10.1016/j.ejor.2021.02.055",https://api.crossref.org/works/10.1016/j.ejor.2021.02.055,noncanonical DOI prefix; inconsistent author-year presentation,"Pan X, Geng N, Xie X. Appointment scheduling and real-time sequencing strategies for patient unpunctuality. European Journal of Operational Research 2021;295(1):246–260. https://doi.org/10.1016/j.ejor.2021.02.055.",verified and normalized
ahmadijavid2017,"Ahmadi-Javid, Amir; Jalali, Zahra; Klassen, Kenneth J (2017). Outpatient appointment systems in healthcare: A review of optimization studies. European Journal of Operational Research. doi:10.1016/j.ejor.2016.06.064",https://api.crossref.org/works/10.1016/j.ejor.2016.06.064,noncanonical DOI prefix; inconsistent author-year presentation,"Ahmadi-Javid A, Jalali Z, Klassen KJ. Outpatient appointment systems in healthcare: a review of optimization studies. European Journal of Operational Research 2017;258(1):3–34. https://doi.org/10.1016/j.ejor.2016.06.064.",verified and normalized
salzarulo2011,"Salzarulo, Peter A.; Bretthauer, Kurt M.; Côté, Murray J.; Schultz, Kenneth L. (2011). The Impact of Variability and Patient Information on Health Care System Performance. Production and Operations Management. doi:10.1111/j.1937-5956.2010.01210.x",https://api.crossref.org/works/10.1111/j.1937-5956.2010.01210.x,noncanonical DOI prefix; inconsistent author-year presentation,"Salzarulo PA, Bretthauer KM, Côté MJ, Schultz KL. The impact of variability and patient information on health care system performance. Production and Operations Management 2011;20(6):848–859. https://doi.org/10.1111/j.1937-5956.2010.01210.x.",verified and normalized
cayirli2006,"Cayirli, Tugba; Veral, Emre; Rosen, Harry (2006). Designing appointment scheduling systems for ambulatory care services. Health Care Management Science. doi:10.1007/s10729-006-6279-5",https://api.crossref.org/works/10.1007/s10729-006-6279-5,noncanonical DOI prefix; inconsistent author-year presentation,"Cayirli T, Veral E, Rosen H. Designing appointment scheduling systems for ambulatory care services. Health Care Management Science 2006;9(1):47–58. https://doi.org/10.1007/s10729-006-6279-5.",verified and normalized
